sec_name,LASTDELIVERY_DATE,bond_cd,ptmyear,anal_precupn,nxcupn,couponrate,interestfrequency
T1509.CFE,2015/9/16,050004.IB,9.661202186,2015/5/15,2015/11/15,4.11,2
T1509.CFE,2015/9/16,080002.IB,7.452054795,2015/8/28,2016/2/28,4.16,2
T1509.CFE,2015/9/16,080023.IB,8.197260274,2015/5/27,2015/11/27,3.62,2
T1509.CFE,2015/9/16,090011.IB,8.734972678,2015/6/11,2015/12/11,3.69,2
T1509.CFE,2015/9/16,120009.IB,6.68579235,2015/5/24,2015/11/24,3.36,2
T1509.CFE,2015/9/16,120015.IB,6.93442623,2015/8/23,2016/2/23,3.39,2
T1509.CFE,2015/9/16,120021.IB,7.24109589,2015/6/13,2015/12/13,3.55,2
T1509.CFE,2015/9/16,130005.IB,7.432876712,2015/8/21,2016/2/21,3.52,2
T1509.CFE,2015/9/16,130011.IB,7.683060109,2015/5/23,2015/11/23,3.38,2
T1509.CFE,2015/9/16,130018.IB,7.931693989,2015/8/22,2016/2/22,4.08,2
T1509.CFE,2015/9/16,140012.IB,8.756830601,2015/6/19,2015/12/19,4,2
T1509.CFE,2015/9/16,140029.IB,9.254794521,2015/6/18,2015/12/18,3.77,2
T1509.CFE,2015/9/16,150005.IB,9.56284153,2015/4/9,2015/10/9,3.64,2
T1509.CFE,2015/9/16,150007.IB,6.581967213,2015/4/16,2016/4/16,3.54,1
T1509.CFE,2015/9/16,150014.IB,6.81147541,2015/7/9,2016/7/9,3.3,1
T1509.CFE,2015/9/16,150016.IB,9.830601093,2015/7/16,2016/1/16,3.51,2
T1512.CFE,2015/12/16,050004.IB,9.412568306,2015/11/15,2016/5/15,4.11,2
T1512.CFE,2015/12/16,080002.IB,7.202739726,2015/8/28,2016/2/28,4.16,2
T1512.CFE,2015/12/16,080023.IB,7.948087432,2015/11/27,2016/5/27,3.62,2
T1512.CFE,2015/12/16,120015.IB,6.68579235,2015/8/23,2016/2/23,3.39,2
T1512.CFE,2015/12/16,130005.IB,7.183561644,2015/8/21,2016/2/21,3.52,2
T1512.CFE,2015/12/16,130011.IB,7.43442623,2015/11/23,2016/5/23,3.38,2
T1512.CFE,2015/12/16,130018.IB,7.683060109,2015/8/22,2016/2/22,4.08,2
T1512.CFE,2015/12/16,140005.IB,8.259562842,2015/9/20,2016/3/20,4.42,2
T1512.CFE,2015/12/16,140021.IB,8.756830601,2015/9/18,2016/3/18,4.13,2
T1512.CFE,2015/12/16,150005.IB,9.31420765,2015/10/9,2016/4/9,3.64,2
T1512.CFE,2015/12/16,150014.IB,6.56284153,2015/7/9,2016/7/9,3.3,1
T1512.CFE,2015/12/16,150016.IB,9.581967213,2015/7/16,2016/1/16,3.51,2
T1512.CFE,2015/12/16,150023.IB,9.830601093,2015/10/15,2016/4/15,2.99,2
T1512.CFE,2015/12/16,150026.IB,6.849726776,2015/10/22,2016/10/22,3.05,1
T1603.CFE,2016/3/16,050004.IB,9.163934426,2015/11/15,2016/5/15,4.11,2
T1603.CFE,2016/3/16,080002.IB,6.953551913,2016/2/28,2016/8/28,4.16,2
T1603.CFE,2016/3/16,080023.IB,7.699453552,2015/11/27,2016/5/27,3.62,2
T1603.CFE,2016/3/16,090011.IB,8.237704918,2015/12/11,2016/6/11,3.69,2
T1603.CFE,2016/3/16,120021.IB,6.743169399,2015/12/13,2016/6/13,3.55,2
T1603.CFE,2016/3/16,130005.IB,6.93442623,2016/2/21,2016/8/21,3.52,2
T1603.CFE,2016/3/16,130011.IB,7.18579235,2015/11/23,2016/5/23,3.38,2
T1603.CFE,2016/3/16,130018.IB,7.43442623,2016/2/22,2016/8/22,4.08,2
T1603.CFE,2016/3/16,140012.IB,8.259562842,2015/12/19,2016/6/19,4,2
T1603.CFE,2016/3/16,140029.IB,8.756830601,2015/12/18,2016/6/18,3.77,2
T1603.CFE,2016/3/16,150005.IB,9.06557377,2015/10/9,2016/4/9,3.64,2
T1603.CFE,2016/3/16,150016.IB,9.333333333,2016/1/16,2016/7/16,3.51,2
T1603.CFE,2016/3/16,150023.IB,9.581967213,2015/10/15,2016/4/15,2.99,2
T1603.CFE,2016/3/16,150026.IB,6.601092896,2015/10/22,2016/10/22,3.05,1
T1603.CFE,2016/3/16,160004.IB,9.868852459,2016/1/28,2016/7/28,2.85,2
T1606.CFE,2016/6/16,050004.IB,8.912328767,2016/5/15,2016/11/15,4.11,2
T1606.CFE,2016/6/16,080002.IB,6.702185792,2016/2/28,2016/8/28,4.16,2
T1606.CFE,2016/6/16,080023.IB,7.448087432,2016/5/27,2016/11/27,3.62,2
T1606.CFE,2016/6/16,130005.IB,6.683060109,2016/2/21,2016/8/21,3.52,2
T1606.CFE,2016/6/16,130011.IB,6.934246575,2016/5/23,2016/11/23,3.38,2
T1606.CFE,2016/6/16,130018.IB,7.183060109,2016/2/22,2016/8/22,4.08,2
T1606.CFE,2016/6/16,140005.IB,7.75890411,2016/3/20,2016/9/20,4.42,2
T1606.CFE,2016/6/16,140021.IB,8.256830601,2016/3/18,2016/9/18,4.13,2
T1606.CFE,2016/6/16,150005.IB,8.81369863,2016/4/9,2016/10/9,3.64,2
T1606.CFE,2016/6/16,150016.IB,9.081967213,2016/1/16,2016/7/16,3.51,2
T1606.CFE,2016/6/16,150023.IB,9.330601093,2016/4/15,2016/10/15,2.99,2
T1606.CFE,2016/6/16,160004.IB,9.617486339,2016/1/28,2016/7/28,2.85,2
T1606.CFE,2016/6/16,160006.IB,6.750684932,2016/3/17,2017/3/17,2.75,1
T1606.CFE,2016/6/16,160010.IB,9.884931507,2016/5/5,2016/11/5,2.9,2
T1609.CFE,2016/9/14,050004.IB,8.665753425,2016/5/15,2016/11/15,4.11,2
T1609.CFE,2016/9/14,060009.IB,9.780821918,2016/6/26,2016/12/26,3.7,2
T1609.CFE,2016/9/14,080023.IB,7.202185792,2016/5/27,2016/11/27,3.62,2
T1609.CFE,2016/9/14,090011.IB,7.739726027,2016/6/11,2016/12/11,3.69,2
T1609.CFE,2016/9/14,130011.IB,6.687671233,2016/5/23,2016/11/23,3.38,2
T1609.CFE,2016/9/14,130018.IB,6.936986301,2016/8/22,2017/2/22,4.08,2
T1609.CFE,2016/9/14,140012.IB,7.761643836,2016/6/19,2016/12/19,4,2
T1609.CFE,2016/9/14,140029.IB,8.259562842,2016/6/18,2016/12/18,3.77,2
T1609.CFE,2016/9/14,150005.IB,8.567123288,2016/4/9,2016/10/9,3.64,2
T1609.CFE,2016/9/14,150016.IB,8.835616438,2016/7/16,2017/1/16,3.51,2
T1609.CFE,2016/9/14,150023.IB,9.084699454,2016/4/15,2016/10/15,2.99,2
T1609.CFE,2016/9/14,160004.IB,9.371584699,2016/7/28,2017/1/28,2.85,2
T1609.CFE,2016/9/14,160006.IB,6.504109589,2016/3/17,2017/3/17,2.75,1
T1609.CFE,2016/9/14,160010.IB,9.638356164,2016/5/5,2016/11/5,2.9,2
T1609.CFE,2016/9/14,160014.IB,6.753424658,2016/6/16,2017/6/16,2.95,1
T1609.CFE,2016/9/14,160017.IB,9.887671233,2016/8/4,2017/2/4,2.74,2
T1609.CFE,2016/9/14,160020.IB,6.964383562,2016/9/1,2017/9/1,2.75,1
T1612.CFE,2016/12/14,050004.IB,8.416438356,2016/11/15,2017/5/15,4.11,2
T1612.CFE,2016/12/14,080023.IB,6.953424658,2016/11/27,2017/5/27,3.62,2
T1612.CFE,2016/12/14,130018.IB,6.687671233,2016/8/22,2017/2/22,4.08,2
T1612.CFE,2016/12/14,140005.IB,7.263013699,2016/9/20,2017/3/20,4.42,2
T1612.CFE,2016/12/14,140021.IB,7.761643836,2016/9/18,2017/3/18,4.13,2
T1612.CFE,2016/12/14,150005.IB,8.317808219,2016/10/9,2017/4/9,3.64,2
T1612.CFE,2016/12/14,150016.IB,8.58630137,2016/7/16,2017/1/16,3.51,2
T1612.CFE,2016/12/14,150023.IB,8.835616438,2016/10/15,2017/4/15,2.99,2
T1612.CFE,2016/12/14,160004.IB,9.12295082,2016/7/28,2017/1/28,2.85,2
T1612.CFE,2016/12/14,160010.IB,9.389041096,2016/11/5,2017/5/5,2.9,2
T1612.CFE,2016/12/14,160014.IB,6.504109589,2016/6/16,2017/6/16,2.95,1
T1612.CFE,2016/12/14,160017.IB,9.638356164,2016/8/4,2017/2/4,2.74,2
T1612.CFE,2016/12/14,160020.IB,6.715068493,2016/9/1,2017/9/1,2.75,1
T1612.CFE,2016/12/14,160023.IB,9.887671233,2016/11/3,2017/5/3,2.7,2
T1612.CFE,2016/12/14,160025.IB,6.926027397,2016/11/17,2017/11/17,2.79,1
T1703.CFE,2017/3/15,050004.IB,8.167123288,2016/11/15,2017/5/15,4.11,2
T1703.CFE,2017/3/15,060009.IB,9.282191781,2016/12/26,2017/6/26,3.7,2
T1703.CFE,2017/3/15,080023.IB,6.704109589,2016/11/27,2017/5/27,3.62,2
T1703.CFE,2017/3/15,090011.IB,7.24109589,2016/12/11,2017/6/11,3.69,2
T1703.CFE,2017/3/15,140012.IB,7.263013699,2016/12/19,2017/6/19,4,2
T1703.CFE,2017/3/15,140029.IB,7.761643836,2016/12/18,2017/6/18,3.77,2
T1703.CFE,2017/3/15,150005.IB,8.068493151,2016/10/9,2017/4/9,3.64,2
T1703.CFE,2017/3/15,150016.IB,8.336986301,2017/1/16,2017/7/16,3.51,2
T1703.CFE,2017/3/15,150023.IB,8.58630137,2016/10/15,2017/4/15,2.99,2
T1703.CFE,2017/3/15,160004.IB,8.873972603,2017/1/28,2017/7/28,2.85,2
T1703.CFE,2017/3/15,160010.IB,9.139726027,2016/11/5,2017/5/5,2.9,2
T1703.CFE,2017/3/15,160017.IB,9.389041096,2017/2/4,2017/8/4,2.74,2
T1703.CFE,2017/3/15,160020.IB,6.465753425,2016/9/1,2017/9/1,2.75,1
T1703.CFE,2017/3/15,160023.IB,9.638356164,2016/11/3,2017/5/3,2.7,2
T1703.CFE,2017/3/15,160025.IB,6.676712329,2016/11/17,2017/11/17,2.79,1
T1703.CFE,2017/3/15,170004.IB,9.906849315,2017/2/9,2017/8/9,3.4,2
T1706.CFE,2017/6/14,050004.IB,7.917808219,2017/5/15,2017/11/15,4.11,2
T1706.CFE,2017/6/14,070013.IB,10.17260274,2017/2/16,2017/8/16,4.52,2
T1706.CFE,2017/6/14,140005.IB,6.764383562,2017/3/20,2017/9/20,4.42,2
T1706.CFE,2017/6/14,140021.IB,7.263013699,2017/3/18,2017/9/18,4.13,2
T1706.CFE,2017/6/14,150005.IB,7.819178082,2017/4/9,2017/10/9,3.64,2
T1706.CFE,2017/6/14,150016.IB,8.087671233,2017/1/16,2017/7/16,3.51,2
T1706.CFE,2017/6/14,150023.IB,8.336986301,2017/4/15,2017/10/15,2.99,2
T1706.CFE,2017/6/14,160004.IB,8.624657534,2017/1/28,2017/7/28,2.85,2
T1706.CFE,2017/6/14,160010.IB,8.890410959,2017/5/5,2017/11/5,2.9,2
T1706.CFE,2017/6/14,160017.IB,9.139726027,2017/2/4,2017/8/4,2.74,2
T1706.CFE,2017/6/14,160023.IB,9.389041096,2017/5/3,2017/11/3,2.7,2
T1706.CFE,2017/6/14,170004.IB,9.657534247,2017/2/9,2017/8/9,3.4,2
T1706.CFE,2017/6/14,170006.IB,6.753424658,2017/3/16,2018/3/16,3.2,1
T1706.CFE,2017/6/14,170010.IB,9.887671233,2017/5/4,2017/11/4,3.52,2
T1709.CFE,2017/9/13,050004.IB,7.668493151,2017/5/15,2017/11/15,4.11,2
T1709.CFE,2017/9/13,060009.IB,8.783561644,2017/6/26,2017/12/26,3.7,2
T1709.CFE,2017/9/13,070013.IB,9.923287671,2017/8/16,2018/2/16,4.52,2
T1709.CFE,2017/9/13,090011.IB,6.742465753,2017/6/11,2017/12/11,3.69,2
T1709.CFE,2017/9/13,140012.IB,6.764383562,2017/6/19,2017/12/19,4,2
T1709.CFE,2017/9/13,140029.IB,7.263013699,2017/6/18,2017/12/18,3.77,2
T1709.CFE,2017/9/13,150005.IB,7.569863014,2017/4/9,2017/10/9,3.64,2
T1709.CFE,2017/9/13,150016.IB,7.838356164,2017/7/16,2018/1/16,3.51,2
T1709.CFE,2017/9/13,150023.IB,8.087671233,2017/4/15,2017/10/15,2.99,2
T1709.CFE,2017/9/13,160004.IB,8.375342466,2017/7/28,2018/1/28,2.85,2
T1709.CFE,2017/9/13,160010.IB,8.64109589,2017/5/5,2017/11/5,2.9,2
T1709.CFE,2017/9/13,160017.IB,8.890410959,2017/8/4,2018/2/4,2.74,2
T1709.CFE,2017/9/13,160023.IB,9.139726027,2017/5/3,2017/11/3,2.7,2
T1709.CFE,2017/9/13,170004.IB,9.408219178,2017/8/9,2018/2/9,3.4,2
T1709.CFE,2017/9/13,170006.IB,6.504109589,2017/3/16,2018/3/16,3.2,1
T1709.CFE,2017/9/13,170010.IB,9.638356164,2017/5/4,2017/11/4,3.52,2
T1709.CFE,2017/9/13,170013.IB,6.77260274,2017/6/22,2018/6/22,3.57,1
T1709.CFE,2017/9/13,170018.IB,9.887671233,2017/8/3,2018/2/3,3.59,2
T1712.CFE,2017/12/13,050004.IB,7.419178082,2017/11/15,2018/5/15,4.11,2
T1712.CFE,2017/12/13,070013.IB,9.673972603,2017/8/16,2018/2/16,4.52,2
T1712.CFE,2017/12/13,140021.IB,6.764383562,2017/9/18,2018/3/18,4.13,2
T1712.CFE,2017/12/13,150005.IB,7.320547945,2017/10/9,2018/4/9,3.64,2
T1712.CFE,2017/12/13,150016.IB,7.589041096,2017/7/16,2018/1/16,3.51,2
T1712.CFE,2017/12/13,150023.IB,7.838356164,2017/10/15,2018/4/15,2.99,2
T1712.CFE,2017/12/13,160004.IB,8.126027397,2017/7/28,2018/1/28,2.85,2
T1712.CFE,2017/12/13,160010.IB,8.391780822,2017/11/5,2018/5/5,2.9,2
T1712.CFE,2017/12/13,160017.IB,8.64109589,2017/8/4,2018/2/4,2.74,2
T1712.CFE,2017/12/13,160023.IB,8.890410959,2017/11/3,2018/5/3,2.7,2
T1712.CFE,2017/12/13,170004.IB,9.15890411,2017/8/9,2018/2/9,3.4,2
T1712.CFE,2017/12/13,170010.IB,9.389041096,2017/11/4,2018/5/4,3.52,2
T1712.CFE,2017/12/13,170013.IB,6.523287671,2017/6/22,2018/6/22,3.57,1
T1712.CFE,2017/12/13,170018.IB,9.638356164,2017/8/3,2018/2/3,3.59,2
T1712.CFE,2017/12/13,170020.IB,6.77260274,2017/9/21,2018/9/21,3.69,1
T1712.CFE,2017/12/13,170025.IB,9.887671233,2017/11/2,2018/5/2,3.82,2
T1803.CFE,2018/3/14,050004.IB,7.169863014,2017/11/15,2018/5/15,4.11,2
T1803.CFE,2018/3/14,060009.IB,8.284931507,2017/12/26,2018/6/26,3.7,2
T1803.CFE,2018/3/14,070013.IB,9.424657534,2018/2/16,2018/8/16,4.52,2
T1803.CFE,2018/3/14,140029.IB,6.764383562,2017/12/18,2018/6/18,3.77,2
T1803.CFE,2018/3/14,150005.IB,7.071232877,2017/10/9,2018/4/9,3.64,2
T1803.CFE,2018/3/14,150016.IB,7.339726027,2018/1/16,2018/7/16,3.51,2
T1803.CFE,2018/3/14,150023.IB,7.589041096,2017/10/15,2018/4/15,2.99,2
T1803.CFE,2018/3/14,160004.IB,7.876712329,2018/1/28,2018/7/28,2.85,2
T1803.CFE,2018/3/14,160010.IB,8.142465753,2017/11/5,2018/5/5,2.9,2
T1803.CFE,2018/3/14,160017.IB,8.391780822,2018/2/4,2018/8/4,2.74,2
T1803.CFE,2018/3/14,160023.IB,8.64109589,2017/11/3,2018/5/3,2.7,2
T1803.CFE,2018/3/14,170004.IB,8.909589041,2018/2/9,2018/8/9,3.4,2
T1803.CFE,2018/3/14,170010.IB,9.139726027,2017/11/4,2018/5/4,3.52,2
T1803.CFE,2018/3/14,170018.IB,9.389041096,2018/2/3,2018/8/3,3.59,2
T1803.CFE,2018/3/14,170020.IB,6.523287671,2017/9/21,2018/9/21,3.69,1
T1803.CFE,2018/3/14,170025.IB,9.638356164,2017/11/2,2018/5/2,3.82,2
T1803.CFE,2018/3/14,170027.IB,6.77260274,2017/12/21,2018/12/21,3.9,1
T1803.CFE,2018/3/14,180004.IB,9.887671233,2018/2/1,2018/8/1,3.85,2
T1806.CFE,2018/6/13,050004.IB,6.920547945,2018/5/15,2018/11/15,4.11,2
T1806.CFE,2018/6/13,070013.IB,9.175342466,2018/2/16,2018/8/16,4.52,2
T1806.CFE,2018/6/13,080013.IB,10.16164384,2018/2/11,2018/8/11,4.94,2
T1806.CFE,2018/6/13,150005.IB,6.821917808,2018/4/9,2018/10/9,3.64,2
T1806.CFE,2018/6/13,150016.IB,7.090410959,2018/1/16,2018/7/16,3.51,2
T1806.CFE,2018/6/13,150023.IB,7.339726027,2018/4/15,2018/10/15,2.99,2
T1806.CFE,2018/6/13,160004.IB,7.62739726,2018/1/28,2018/7/28,2.85,2
T1806.CFE,2018/6/13,160010.IB,7.893150685,2018/5/5,2018/11/5,2.9,2
T1806.CFE,2018/6/13,160017.IB,8.142465753,2018/2/4,2018/8/4,2.74,2
T1806.CFE,2018/6/13,160023.IB,8.391780822,2018/5/3,2018/11/3,2.7,2
T1806.CFE,2018/6/13,170004.IB,8.660273973,2018/2/9,2018/8/9,3.4,2
T1806.CFE,2018/6/13,170010.IB,8.890410959,2018/5/4,2018/11/4,3.52,2
T1806.CFE,2018/6/13,170018.IB,9.139726027,2018/2/3,2018/8/3,3.59,2
T1806.CFE,2018/6/13,170025.IB,9.389041096,2018/5/2,2018/11/2,3.82,2
T1806.CFE,2018/6/13,170027.IB,6.523287671,2017/12/21,2018/12/21,3.9,1
T1806.CFE,2018/6/13,180004.IB,9.638356164,2018/2/1,2018/8/1,3.85,2
T1806.CFE,2018/6/13,180005.IB,6.734246575,2018/3/8,2019/3/8,3.77,1
T1806.CFE,2018/6/13,180011.IB,9.926027397,2018/5/17,2018/11/17,3.69,2
T1809.CFE,2018/9/19,050004.IB,6.652054795,2018/5/15,2018/11/15,4.11,2
T1809.CFE,2018/9/19,060009.IB,7.767123288,2018/6/26,2018/12/26,3.7,2
T1809.CFE,2018/9/19,070013.IB,8.906849315,2018/8/16,2019/2/16,4.52,2
T1809.CFE,2018/9/19,080013.IB,9.893150685,2018/8/11,2019/2/11,4.94,2
T1809.CFE,2018/9/19,150016.IB,6.821917808,2018/7/16,2019/1/16,3.51,2
T1809.CFE,2018/9/19,150023.IB,7.071232877,2018/4/15,2018/10/15,2.99,2
T1809.CFE,2018/9/19,160004.IB,7.35890411,2018/7/28,2019/1/28,2.85,2
T1809.CFE,2018/9/19,160010.IB,7.624657534,2018/5/5,2018/11/5,2.9,2
T1809.CFE,2018/9/19,160017.IB,7.873972603,2018/8/4,2019/2/4,2.74,2
T1809.CFE,2018/9/19,160023.IB,8.123287671,2018/5/3,2018/11/3,2.7,2
T1809.CFE,2018/9/19,170004.IB,8.391780822,2018/8/9,2019/2/9,3.4,2
T1809.CFE,2018/9/19,170010.IB,8.621917808,2018/5/4,2018/11/4,3.52,2
T1809.CFE,2018/9/19,170018.IB,8.871232877,2018/8/3,2019/2/3,3.59,2
T1809.CFE,2018/9/19,170025.IB,9.120547945,2018/5/2,2018/11/2,3.82,2
T1809.CFE,2018/9/19,180004.IB,9.369863014,2018/8/1,2019/2/1,3.85,2
T1809.CFE,2018/9/19,180005.IB,6.465753425,2018/3/8,2019/3/8,3.77,1
T1809.CFE,2018/9/19,180011.IB,9.657534247,2018/5/17,2018/11/17,3.69,2
T1809.CFE,2018/9/19,180013.IB,6.715068493,2018/6/7,2019/6/7,3.61,1
T1809.CFE,2018/9/19,180019.IB,9.906849315,2018/8/16,2019/2/16,3.54,2
T1809.CFE,2018/9/19,180020.IB,6.964383562,2018/9/6,2019/9/6,3.6,1
T1812.CFE,2018/12/19,150016.IB,6.57260274,2018/7/16,2019/1/16,3.51,2
T1812.CFE,2018/12/19,150023.IB,6.821917808,2018/10/15,2019/4/15,2.99,2
T1812.CFE,2018/12/19,160004.IB,7.109589041,2018/7/28,2019/1/28,2.85,2
T1812.CFE,2018/12/19,160010.IB,7.375342466,2018/11/5,2019/5/5,2.9,2
T1812.CFE,2018/12/19,160017.IB,7.624657534,2018/8/4,2019/2/4,2.74,2
T1812.CFE,2018/12/19,160023.IB,7.873972603,2018/11/3,2019/5/3,2.7,2
T1812.CFE,2018/12/19,170004.IB,8.142465753,2018/8/9,2019/2/9,3.4,2
T1812.CFE,2018/12/19,170010.IB,8.37260274,2018/11/4,2019/5/4,3.52,2
T1812.CFE,2018/12/19,170018.IB,8.621917808,2018/8/3,2019/2/3,3.59,2
T1812.CFE,2018/12/19,170025.IB,8.871232877,2018/11/2,2019/5/2,3.82,2
T1812.CFE,2018/12/19,180004.IB,9.120547945,2018/8/1,2019/2/1,3.85,2
T1812.CFE,2018/12/19,180011.IB,9.408219178,2018/11/17,2019/5/17,3.69,2
T1812.CFE,2018/12/19,180013.IB,6.465753425,2018/6/7,2019/6/7,3.61,1
T1812.CFE,2018/12/19,180019.IB,9.657534247,2018/8/16,2019/2/16,3.54,2
T1812.CFE,2018/12/19,180020.IB,6.715068493,2018/9/6,2019/9/6,3.6,1
T1812.CFE,2018/12/19,180027.IB,9.926027397,2018/11/22,2019/5/22,3.25,2
T1812.CFE,2018/12/19,180028.IB,6.964383562,2018/12/6,2019/12/6,3.22,1
T1903.CFE,2019/3/13,150023.IB,6.591780822,2018/10/15,2019/4/15,2.99,2
T1903.CFE,2019/3/13,160004.IB,6.879452055,2019/1/28,2019/7/28,2.85,2
T1903.CFE,2019/3/13,160010.IB,7.145205479,2018/11/5,2019/5/5,2.9,2
T1903.CFE,2019/3/13,160017.IB,7.394520548,2019/2/4,2019/8/4,2.74,2
T1903.CFE,2019/3/13,160023.IB,7.643835616,2018/11/3,2019/5/3,2.7,2
T1903.CFE,2019/3/13,170004.IB,7.912328767,2019/2/9,2019/8/9,3.4,2
T1903.CFE,2019/3/13,170010.IB,8.142465753,2018/11/4,2019/5/4,3.52,2
T1903.CFE,2019/3/13,170018.IB,8.391780822,2019/2/3,2019/8/3,3.59,2
T1903.CFE,2019/3/13,170025.IB,8.64109589,2018/11/2,2019/5/2,3.82,2
T1903.CFE,2019/3/13,180004.IB,8.890410959,2019/2/1,2019/8/1,3.85,2
T1903.CFE,2019/3/13,180011.IB,9.178082192,2018/11/17,2019/5/17,3.69,2
T1903.CFE,2019/3/13,180019.IB,9.42739726,2019/2/16,2019/8/16,3.54,2
T1903.CFE,2019/3/13,180020.IB,6.484931507,2018/9/6,2019/9/6,3.6,1
T1903.CFE,2019/3/13,180027.IB,9.695890411,2018/11/22,2019/5/22,3.25,2
T1903.CFE,2019/3/13,180028.IB,6.734246575,2018/12/6,2019/12/6,3.22,1
T1906.CFE,2019/6/19,160004.IB,6.610958904,2019/1/28,2019/7/28,2.85,2
T1906.CFE,2019/6/19,160010.IB,6.87704918,2019/5/5,2019/11/5,2.9,2
T1906.CFE,2019/6/19,160017.IB,7.126027397,2019/2/4,2019/8/4,2.74,2
T1906.CFE,2019/6/19,160023.IB,7.375342466,2019/5/3,2019/11/3,2.7,2
T1906.CFE,2019/6/19,170004.IB,7.643835616,2019/2/9,2019/8/9,3.4,2
T1906.CFE,2019/6/19,170010.IB,7.87431694,2019/5/4,2019/11/4,3.52,2
T1906.CFE,2019/6/19,170018.IB,8.123287671,2019/2/3,2019/8/3,3.59,2
T1906.CFE,2019/6/19,170025.IB,8.37260274,2019/5/2,2019/11/2,3.82,2
T1906.CFE,2019/6/19,180004.IB,8.621917808,2019/2/1,2019/8/1,3.85,2
T1906.CFE,2019/6/19,180011.IB,8.909836066,2019/5/17,2019/11/17,3.69,2
T1906.CFE,2019/6/19,180019.IB,9.15890411,2019/2/16,2019/8/16,3.54,2
T1906.CFE,2019/6/19,180027.IB,9.42739726,2019/5/22,2019/11/22,3.25,2
T1906.CFE,2019/6/19,180028.IB,6.465753425,2018/12/6,2019/12/6,3.22,1
T1906.CFE,2019/6/19,190006.IB,9.926229508,2019/5/23,2019/11/23,3.29,2
T1906.CFE,2019/6/19,190007.IB,6.964480874,2019/6/6,2020/6/6,3.25,1
T1909.CFE,2019/9/19,160010.IB,6.62568306,2019/5/5,2019/11/5,2.9,2
T1909.CFE,2019/9/19,160017.IB,6.87431694,2019/8/4,2020/2/4,2.74,2
T1909.CFE,2019/9/19,160023.IB,7.123287671,2019/5/3,2019/11/3,2.7,2
T1909.CFE,2019/9/19,170004.IB,7.391780822,2019/8/9,2020/2/9,3.4,2
T1909.CFE,2019/9/19,170010.IB,7.62295082,2019/5/4,2019/11/4,3.52,2
T1909.CFE,2019/9/19,170018.IB,7.871584699,2019/8/3,2020/2/3,3.59,2
T1909.CFE,2019/9/19,170025.IB,8.120547945,2019/5/2,2019/11/2,3.82,2
T1909.CFE,2019/9/19,180004.IB,8.369863014,2019/8/1,2020/2/1,3.85,2
T1909.CFE,2019/9/19,180011.IB,8.658469945,2019/5/17,2019/11/17,3.69,2
T1909.CFE,2019/9/19,180019.IB,8.907103825,2019/8/16,2020/2/16,3.54,2
T1909.CFE,2019/9/19,180027.IB,9.175342466,2019/5/22,2019/11/22,3.25,2
T1909.CFE,2019/9/19,190006.IB,9.674863388,2019/5/23,2019/11/23,3.29,2
T1909.CFE,2019/9/19,190007.IB,6.713114754,2019/6/6,2020/6/6,3.25,1
T1912.CFE,2019/12/18,160017.IB,6.628415301,2019/8/4,2020/2/4,2.74,2
T1912.CFE,2019/12/18,160023.IB,6.87704918,2019/11/3,2020/5/3,2.7,2
T1912.CFE,2019/12/18,170004.IB,7.145205479,2019/8/9,2020/2/9,3.4,2
T1912.CFE,2019/12/18,170010.IB,7.37704918,2019/11/4,2020/5/4,3.52,2
T1912.CFE,2019/12/18,170018.IB,7.62568306,2019/8/3,2020/2/3,3.59,2
T1912.CFE,2019/12/18,170025.IB,7.87431694,2019/11/2,2020/5/2,3.82,2
T1912.CFE,2019/12/18,180004.IB,8.123287671,2019/8/1,2020/2/1,3.85,2
T1912.CFE,2019/12/18,180011.IB,8.412568306,2019/11/17,2020/5/17,3.69,2
T1912.CFE,2019/12/18,180019.IB,8.661202186,2019/8/16,2020/2/16,3.54,2
T1912.CFE,2019/12/18,180027.IB,8.928961749,2019/11/22,2020/5/22,3.25,2
T1912.CFE,2019/12/18,190006.IB,9.428961749,2019/11/23,2020/5/23,3.29,2
T1912.CFE,2019/12/18,190007.IB,6.467213115,2019/6/6,2020/6/6,3.25,1
T1912.CFE,2019/12/18,190015.IB,9.926229508,2019/11/21,2020/5/21,3.13,2
T1912.CFE,2019/12/18,190016.IB,6.964480874,2019/12/5,2020/12/5,3.12,1
T2003.CFE,2020/3/18,160023.IB,6.628415301,2019/11/3,2020/5/3,2.7,2
T2003.CFE,2020/3/18,170004.IB,6.896174863,2020/2/9,2020/8/9,3.4,2
T2003.CFE,2020/3/18,170010.IB,7.128415301,2019/11/4,2020/5/4,3.52,2
T2003.CFE,2020/3/18,170018.IB,7.37704918,2020/2/3,2020/8/3,3.59,2
T2003.CFE,2020/3/18,170025.IB,7.62568306,2019/11/2,2020/5/2,3.82,2
T2003.CFE,2020/3/18,180004.IB,7.87431694,2020/2/1,2020/8/1,3.85,2
T2003.CFE,2020/3/18,180011.IB,8.163934426,2019/11/17,2020/5/17,3.69,2
T2003.CFE,2020/3/18,180019.IB,8.412568306,2020/2/16,2020/8/16,3.54,2
T2003.CFE,2020/3/18,180027.IB,8.680327869,2019/11/22,2020/5/22,3.25,2
T2003.CFE,2020/3/18,190006.IB,9.180327869,2019/11/23,2020/5/23,3.29,2
T2003.CFE,2020/3/18,190015.IB,9.677595628,2019/11/21,2020/5/21,3.13,2
T2003.CFE,2020/3/18,190016.IB,6.715846995,2019/12/5,2020/12/5,3.12,1
T2006.CFE,2020/6/17,170004.IB,6.647540984,2020/2/9,2020/8/9,3.4,2
T2006.CFE,2020/6/17,170010.IB,6.879452055,2020/5/4,2020/11/4,3.52,2
T2006.CFE,2020/6/17,170018.IB,7.128415301,2020/2/3,2020/8/3,3.59,2
T2006.CFE,2020/6/17,170025.IB,7.37704918,2020/5/2,2020/11/2,3.82,2
T2006.CFE,2020/6/17,180004.IB,7.62568306,2020/2/1,2020/8/1,3.85,2
T2006.CFE,2020/6/17,180011.IB,7.915068493,2020/5/17,2020/11/17,3.69,2
T2006.CFE,2020/6/17,180019.IB,8.163934426,2020/2/16,2020/8/16,3.54,2
T2006.CFE,2020/6/17,180027.IB,8.431693989,2020/5/22,2020/11/22,3.25,2
T2006.CFE,2020/6/17,190006.IB,8.931506849,2020/5/23,2020/11/23,3.29,2
T2006.CFE,2020/6/17,190015.IB,9.428961749,2020/5/21,2020/11/21,3.13,2
T2006.CFE,2020/6/17,190016.IB,6.467213115,2019/12/5,2020/12/5,3.12,1
T2006.CFE,2020/6/17,200006.IB,9.926027397,2020/5/21,2020/11/21,2.68,2
T2006.CFE,2020/6/17,200008.IB,6.964383562,2020/6/4,2021/6/4,2.85,1
T2009.CFE,2020/9/16,170010.IB,6.630136986,2020/5/4,2020/11/4,3.52,2
T2009.CFE,2020/9/16,170018.IB,6.879452055,2020/8/3,2021/2/3,3.59,2
T2009.CFE,2020/9/16,170025.IB,7.128415301,2020/5/2,2020/11/2,3.82,2
T2009.CFE,2020/9/16,180004.IB,7.37704918,2020/8/1,2021/2/1,3.85,2
T2009.CFE,2020/9/16,180011.IB,7.665753425,2020/5/17,2020/11/17,3.69,2
T2009.CFE,2020/9/16,180019.IB,7.915068493,2020/8/16,2021/2/16,3.54,2
T2009.CFE,2020/9/16,180027.IB,8.183060109,2020/5/22,2020/11/22,3.25,2
T2009.CFE,2020/9/16,190006.IB,8.682191781,2020/5/23,2020/11/23,3.29,2
T2009.CFE,2020/9/16,190015.IB,9.180327869,2020/5/21,2020/11/21,3.13,2
T2009.CFE,2020/9/16,2000002.IB,6.756164384,2020/6/19,2021/6/19,2.71,1
T2009.CFE,2020/9/16,2000003.IB,9.769863014,2020/6/24,2020/12/24,2.77,2
T2009.CFE,2020/9/16,2000004.IB,9.830136986,2020/7/16,2021/1/16,2.86,2
T2009.CFE,2020/9/16,200006.IB,9.676712329,2020/5/21,2020/11/21,2.68,2
T2009.CFE,2020/9/16,200008.IB,6.715068493,2020/6/4,2021/6/4,2.85,1
T2012.CFE,2020/12/16,170018.IB,6.630136986,2020/8/3,2021/2/3,3.59,2
T2012.CFE,2020/12/16,170025.IB,6.879452055,2020/11/2,2021/5/2,3.82,2
T2012.CFE,2020/12/16,180004.IB,7.128415301,2020/8/1,2021/2/1,3.85,2
T2012.CFE,2020/12/16,180011.IB,7.416438356,2020/11/17,2021/5/17,3.69,2
T2012.CFE,2020/12/16,180019.IB,7.665753425,2020/8/16,2021/2/16,3.54,2
T2012.CFE,2020/12/16,180027.IB,7.934246575,2020/11/22,2021/5/22,3.25,2
T2012.CFE,2020/12/16,190006.IB,8.432876712,2020/11/23,2021/5/23,3.29,2
T2012.CFE,2020/12/16,190015.IB,8.931506849,2020/11/21,2021/5/21,3.13,2
T2012.CFE,2020/12/16,2000002.IB,6.506849315,2020/6/19,2021/6/19,2.71,1
T2012.CFE,2020/12/16,2000004.IB,9.580821918,2020/7/16,2021/1/16,2.86,2
T2012.CFE,2020/12/16,200006.IB,9.42739726,2020/11/21,2021/5/21,2.68,2
T2012.CFE,2020/12/16,200008.IB,6.465753425,2020/6/4,2021/6/4,2.85,1
T2103.CFE,2021/3/17,170025.IB,6.630136986,2020/11/2,2021/5/2,3.82,2
T2103.CFE,2021/3/17,180004.IB,6.879452055,2021/2/1,2021/8/1,3.85,2
T2103.CFE,2021/3/17,180011.IB,7.167123288,2020/11/17,2021/5/17,3.69,2
T2103.CFE,2021/3/17,180019.IB,7.416438356,2021/2/16,2021/8/16,3.54,2
T2103.CFE,2021/3/17,180027.IB,7.684931507,2020/11/22,2021/5/22,3.25,2
T2103.CFE,2021/3/17,190006.IB,8.183561644,2020/11/23,2021/5/23,3.29,2
T2103.CFE,2021/3/17,190015.IB,8.682191781,2020/11/21,2021/5/21,3.13,2
T2103.CFE,2021/3/17,2000003.IB,9.271232877,2020/12/24,2021/6/24,2.77,2
T2103.CFE,2021/3/17,2000004.IB,9.331506849,2021/1/16,2021/7/16,2.86,2
T2103.CFE,2021/3/17,200006.IB,9.178082192,2020/11/21,2021/5/21,2.68,2
T2106.CFE,2021/6/17,180004.IB,6.62739726,2021/2/1,2021/8/1,3.85,2
T2106.CFE,2021/6/17,180011.IB,6.915068493,2021/5/17,2021/11/17,3.69,2
T2106.CFE,2021/6/17,180019.IB,7.164383562,2021/2/16,2021/8/16,3.54,2
T2106.CFE,2021/6/17,180027.IB,7.432876712,2021/5/22,2021/11/22,3.25,2
T2106.CFE,2021/6/17,190006.IB,7.931506849,2021/5/23,2021/11/23,3.29,2
T2106.CFE,2021/6/17,190015.IB,8.430136986,2021/5/21,2021/11/21,3.13,2
T2106.CFE,2021/6/17,2000004.IB,9.079452055,2021/1/16,2021/7/16,2.86,2
T2106.CFE,2021/6/17,200006.IB,8.926027397,2021/5/21,2021/11/21,2.68,2
TS1812.CFE,2018/12/19,150019.IB,1.720547945,2018/9/8,2019/9/8,3.14,1
TS1812.CFE,2018/12/19,160002.IB,2.071232877,2018/1/14,2019/1/14,2.53,1
TS1812.CFE,2018/12/19,170016.IB,1.602739726,2018/7/27,2019/7/27,3.46,1
TS1812.CFE,2018/12/19,170023.IB,1.852054795,2018/10/26,2019/10/26,3.6,1
TS1812.CFE,2018/12/19,180002.IB,2.101369863,2018/1/25,2019/1/25,3.56,1
TS1812.CFE,2018/12/19,180015.IB,1.561643836,2018/7/12,2019/7/12,3.14,1
TS1812.CFE,2018/12/19,180022.IB,1.830136986,2018/10/18,2019/10/18,3,1
TS1903.CFE,2019/3/13,150019.IB,1.490410959,2018/9/8,2019/9/8,3.14,1
TS1903.CFE,2019/3/13,160002.IB,1.84109589,2019/1/14,2020/1/14,2.53,1
TS1903.CFE,2019/3/13,160007.IB,2.087671233,2018/4/14,2019/4/14,2.58,1
TS1903.CFE,2019/3/13,170023.IB,1.621917808,2018/10/26,2019/10/26,3.6,1
TS1903.CFE,2019/3/13,180002.IB,1.871232877,2019/1/25,2020/1/25,3.56,1
TS1903.CFE,2019/3/13,180007.IB,2.082191781,2018/4/12,2019/4/12,3.42,1
TS1903.CFE,2019/3/13,180022.IB,1.6,2018/10/18,2019/10/18,3,1
TS1903.CFE,2019/3/13,190002.IB,1.945205479,2019/2/21,2020/2/21,2.44,1
TS1906.CFE,2019/6/19,160002.IB,1.57260274,2019/1/14,2020/1/14,2.53,1
TS1906.CFE,2019/6/19,160007.IB,1.819672131,2019/4/14,2020/4/14,2.58,1
TS1906.CFE,2019/6/19,160015.IB,2.068493151,2018/7/14,2019/7/14,2.65,1
TS1906.CFE,2019/6/19,180002.IB,1.602739726,2019/1/25,2020/1/25,3.56,1
TS1906.CFE,2019/6/19,180007.IB,1.81420765,2019/4/12,2020/4/12,3.42,1
TS1906.CFE,2019/6/19,180014.IB,2.043835616,2018/7/12,2019/7/5,3.24,1
TS1906.CFE,2019/6/19,190002.IB,1.676712329,2019/2/21,2020/2/21,2.44,1
TS1909.CFE,2019/9/19,160007.IB,1.568306011,2019/4/14,2020/4/14,2.58,1
TS1909.CFE,2019/9/19,160015.IB,1.816939891,2019/7/14,2020/7/14,2.65,1
TS1909.CFE,2019/9/19,160021.IB,2.084931507,2018/10/20,2019/10/20,2.39,1
TS1909.CFE,2019/9/19,180007.IB,1.56284153,2019/4/12,2020/4/12,3.42,1
TS1909.CFE,2019/9/19,180014.IB,1.792349727,2019/7/5,2020/7/5,3.24,1
TS1909.CFE,2019/9/19,180021.IB,2.060273973,2018/10/11,2019/10/11,3.17,1
TS1909.CFE,2019/9/19,190009.IB,1.808743169,2019/7/11,2020/7/11,2.74,1
TS1912.CFE,2019/12/18,160015.IB,1.571038251,2019/7/14,2020/7/14,2.65,1
TS1912.CFE,2019/12/18,160021.IB,1.838797814,2019/10/20,2020/10/20,2.39,1
TS1912.CFE,2019/12/18,170001.IB,2.068493151,2019/1/12,2020/1/12,2.88,1
TS1912.CFE,2019/12/18,180014.IB,1.546448087,2019/7/5,2020/7/5,3.24,1
TS1912.CFE,2019/12/18,180021.IB,1.81420765,2019/10/11,2020/10/11,3.17,1
TS1912.CFE,2019/12/18,190009.IB,1.56284153,2019/7/11,2020/7/11,2.74,1
TS1912.CFE,2019/12/18,190014.IB,1.907103825,2019/11/14,2020/11/14,2.69,1
TS2003.CFE,2020/3/18,160021.IB,1.590163934,2019/10/20,2020/10/20,2.39,1
TS2003.CFE,2020/3/18,170001.IB,1.819672131,2020/1/12,2021/1/12,2.88,1
TS2003.CFE,2020/3/18,170007.IB,2.071038251,2019/4/13,2020/4/13,3.13,1
TS2003.CFE,2020/3/18,180021.IB,1.56557377,2019/10/11,2020/10/11,3.17,1
TS2003.CFE,2020/3/18,190014.IB,1.658469945,2019/11/14,2020/11/14,2.69,1
TS2003.CFE,2020/3/18,200002.IB,1.907103825,2020/2/13,2021/2/13,2.2,1
TS2006.CFE,2020/6/17,170001.IB,1.571038251,2020/1/12,2021/1/12,2.88,1
TS2006.CFE,2020/6/17,170007.IB,1.821917808,2020/4/13,2021/4/13,3.13,1
TS2006.CFE,2020/6/17,170014.IB,2.071038251,2019/7/13,2020/7/13,3.47,1
TS2006.CFE,2020/6/17,190003.IB,1.720547945,2020/3/7,2021/3/7,2.69,1
TS2006.CFE,2020/6/17,190011.IB,2.142076503,2019/8/8,2020/8/8,2.75,1
TS2006.CFE,2020/6/17,200002.IB,1.658469945,2020/2/13,2021/2/13,2.2,1
TS2009.CFE,2020/9/16,170007.IB,1.57260274,2020/4/13,2021/4/13,3.13,1
TS2009.CFE,2020/9/16,170014.IB,1.821917808,2020/7/13,2021/7/13,3.47,1
TS2009.CFE,2020/9/16,170021.IB,2.090163934,2019/10/19,2020/10/19,3.73,1
TS2009.CFE,2020/9/16,190003.IB,1.471232877,2020/3/7,2021/3/7,2.69,1
TS2009.CFE,2020/9/16,190011.IB,1.893150685,2020/8/8,2021/8/8,2.75,1
TS2009.CFE,2020/9/16,200011.IB,1.906849315,2020/8/13,2021/8/13,2.64,1
TS2012.CFE,2020/12/16,1700003.IB,1.75890411,2020/9/19,2021/9/19,3.59,1
TS2012.CFE,2020/12/16,170014.IB,1.57260274,2020/7/13,2021/7/13,3.47,1
TS2012.CFE,2020/12/16,170021.IB,1.84109589,2020/10/19,2021/10/19,3.73,1
TS2012.CFE,2020/12/16,180001.IB,2.090163934,2020/1/18,2021/1/18,3.81,1
TS2012.CFE,2020/12/16,190011.IB,1.643835616,2020/8/8,2021/8/8,2.75,1
TS2012.CFE,2020/12/16,200011.IB,1.657534247,2020/8/13,2021/8/13,2.64,1
TS2103.CFE,2021/3/17,1700003.IB,1.509589041,2020/9/19,2021/9/19,3.59,1
TS2103.CFE,2021/3/17,170021.IB,1.591780822,2020/10/19,2021/10/19,3.73,1
TS2103.CFE,2021/3/17,180001.IB,1.84109589,2021/1/18,2022/1/18,3.81,1
TS2103.CFE,2021/3/17,180009.IB,2.090410959,2020/4/19,2021/4/19,3.17,1
TS2106.CFE,2021/6/17,180001.IB,1.589041096,2021/1/18,2022/1/18,3.81,1
TS2106.CFE,2021/6/17,180009.IB,1.838356164,2021/4/19,2022/4/19,3.17,1
TS2106.CFE,2021/6/17,180016.IB,2.068493151,2020/7/12,2021/7/12,3.3,1
TS2106.CFE,2021/6/17,200003.IB,1.715068493,2021/3/5,2022/3/5,2.24,1
TF1312.CFE,2013/12/18,050012.IB,6.909589041,2013/11/15,2014/5/15,3.65,2
TF1312.CFE,2013/12/18,080003.IB,4.252054795,2013/9/20,2014/3/20,4.07,2
TF1312.CFE,2013/12/18,080018.IB,4.761643836,2013/9/22,2014/3/22,3.68,2
TF1312.CFE,2013/12/18,090003.IB,5.230136986,2013/9/12,2014/3/12,3.05,2
TF1312.CFE,2013/12/18,090007.IB,5.383561644,2013/11/7,2014/5/7,3.02,2
TF1312.CFE,2013/12/18,090016.IB,5.594520548,2013/7/23,2014/1/23,3.48,2
TF1312.CFE,2013/12/18,090023.IB,5.747945205,2013/9/17,2014/3/17,3.44,2
TF1312.CFE,2013/12/18,090027.IB,5.882191781,2013/11/5,2014/5/5,3.68,2
TF1312.CFE,2013/12/18,100002.IB,6.131506849,2013/8/4,2014/2/4,3.43,2
TF1312.CFE,2013/12/18,100007.IB,6.265753425,2013/9/25,2014/3/25,3.36,2
TF1312.CFE,2013/12/18,100012.IB,6.4,2013/11/13,2014/5/13,3.25,2
TF1312.CFE,2013/12/18,100024.IB,6.630136986,2013/8/5,2014/2/5,3.28,2
TF1312.CFE,2013/12/18,100031.IB,6.745205479,2013/9/16,2014/3/16,3.29,2
TF1312.CFE,2013/12/18,100034.IB,6.860273973,2013/10/28,2014/4/28,3.67,2
TF1312.CFE,2013/12/18,110003.IB,4.109589041,2013/1/27,2014/1/27,3.83,1
TF1312.CFE,2013/12/18,110006.IB,4.205479452,2013/3/3,2014/3/3,3.75,1
TF1312.CFE,2013/12/18,110017.IB,4.550684932,2013/7/7,2014/7/7,3.7,1
TF1312.CFE,2013/12/18,110021.IB,4.819178082,2013/10/13,2014/10/13,3.65,1
TF1312.CFE,2013/12/18,120005.IB,5.219178082,2013/3/8,2014/3/8,3.41,1
TF1312.CFE,2013/12/18,120010.IB,5.468493151,2013/6/7,2014/6/7,3.14,1
TF1312.CFE,2013/12/18,120016.IB,5.717808219,2013/9/6,2014/9/6,3.25,1
TF1312.CFE,2013/12/18,130001.IB,4.063013699,2013/1/10,2014/1/10,3.15,1
TF1312.CFE,2013/12/18,130003.IB,6.101369863,2013/1/24,2014/1/24,3.42,1
TF1312.CFE,2013/12/18,130008.IB,6.331506849,2013/4/18,2014/4/18,3.29,1
TF1312.CFE,2013/12/18,130013.IB,4.446575342,2013/5/30,2014/5/30,3.09,1
TF1312.CFE,2013/12/18,130015.IB,6.561643836,2013/7/11,2014/7/11,3.46,1
TF1312.CFE,2013/12/18,130020.IB,6.830136986,2013/10/17,2014/10/17,4.07,1
TF1312.CFE,2013/12/18,130023.IB,4.887671233,2013/11/7,2014/11/7,4.13,1
TF1403.CFE,2014/3/19,050012.IB,6.660273973,2013/11/15,2014/5/15,3.65,2
TF1403.CFE,2014/3/19,080010.IB,4.263013699,2013/12/23,2014/6/23,4.41,2
TF1403.CFE,2014/3/19,080025.IB,4.742465753,2013/12/15,2014/6/15,2.9,2
TF1403.CFE,2014/3/19,090007.IB,5.134246575,2013/11/7,2014/5/7,3.02,2
TF1403.CFE,2014/3/19,090012.IB,5.249315068,2013/12/18,2014/6/18,3.09,2
TF1403.CFE,2014/3/19,090016.IB,5.345205479,2014/1/23,2014/7/23,3.48,2
TF1403.CFE,2014/3/19,090027.IB,5.632876712,2013/11/5,2014/5/5,3.68,2
TF1403.CFE,2014/3/19,100002.IB,5.882191781,2014/2/4,2014/8/4,3.43,2
TF1403.CFE,2014/3/19,100012.IB,6.150684932,2013/11/13,2014/5/13,3.25,2
TF1403.CFE,2014/3/19,100019.IB,6.265753425,2013/12/24,2014/6/24,3.41,2
TF1403.CFE,2014/3/19,100024.IB,6.380821918,2014/2/5,2014/8/5,3.28,2
TF1403.CFE,2014/3/19,100034.IB,6.610958904,2013/10/28,2014/4/28,3.67,2
TF1403.CFE,2014/3/19,100041.IB,6.745205479,2013/12/16,2014/6/16,3.77,2
TF1403.CFE,2014/3/19,110002.IB,6.84109589,2014/1/20,2014/7/20,3.94,2
TF1403.CFE,2014/3/19,110017.IB,4.301369863,2013/7/7,2014/7/7,3.7,1
TF1403.CFE,2014/3/19,110021.IB,4.569863014,2013/10/13,2014/10/13,3.65,1
TF1403.CFE,2014/3/19,120010.IB,5.219178082,2013/6/7,2014/6/7,3.14,1
TF1403.CFE,2014/3/19,120016.IB,5.468493151,2013/9/6,2014/9/6,3.25,1
TF1403.CFE,2014/3/19,130003.IB,5.852054795,2014/1/24,2015/1/24,3.42,1
TF1403.CFE,2014/3/19,130008.IB,6.082191781,2013/4/18,2014/4/18,3.29,1
TF1403.CFE,2014/3/19,130013.IB,4.197260274,2013/5/30,2014/5/30,3.09,1
TF1403.CFE,2014/3/19,130015.IB,6.312328767,2013/7/11,2014/7/11,3.46,1
TF1403.CFE,2014/3/19,130020.IB,6.580821918,2013/10/17,2014/10/17,4.07,1
TF1403.CFE,2014/3/19,130023.IB,4.638356164,2013/11/7,2014/11/7,4.13,1
TF1403.CFE,2014/3/19,140001.IB,4.805479452,2014/1/7,2015/1/7,4.47,1
TF1403.CFE,2014/3/19,140003.IB,6.830136986,2014/1/16,2015/1/16,4.44,1
TF1406.CFE,2014/6/18,050012.IB,6.410958904,2014/5/15,2014/11/15,3.65,2
TF1406.CFE,2014/6/18,080018.IB,4.263013699,2014/3/22,2014/9/22,3.68,2
TF1406.CFE,2014/6/18,090003.IB,4.731506849,2014/3/12,2014/9/12,3.05,2
TF1406.CFE,2014/6/18,090007.IB,4.884931507,2014/5/7,2014/11/7,3.02,2
TF1406.CFE,2014/6/18,090016.IB,5.095890411,2014/1/23,2014/7/23,3.48,2
TF1406.CFE,2014/6/18,090023.IB,5.249315068,2014/3/17,2014/9/17,3.44,2
TF1406.CFE,2014/6/18,090027.IB,5.383561644,2014/5/5,2014/11/5,3.68,2
TF1406.CFE,2014/6/18,100002.IB,5.632876712,2014/2/4,2014/8/4,3.43,2
TF1406.CFE,2014/6/18,100007.IB,5.767123288,2014/3/25,2014/9/25,3.36,2
TF1406.CFE,2014/6/18,100012.IB,5.901369863,2014/5/13,2014/11/13,3.25,2
TF1406.CFE,2014/6/18,100024.IB,6.131506849,2014/2/5,2014/8/5,3.28,2
TF1406.CFE,2014/6/18,100031.IB,6.246575342,2014/3/16,2014/9/16,3.29,2
TF1406.CFE,2014/6/18,100034.IB,6.361643836,2014/4/28,2014/10/28,3.67,2
TF1406.CFE,2014/6/18,110002.IB,6.591780822,2014/1/20,2014/7/20,3.94,2
TF1406.CFE,2014/6/18,110008.IB,6.745205479,2014/3/17,2014/9/17,3.83,2
TF1406.CFE,2014/6/18,110017.IB,4.052054795,2013/7/7,2014/7/7,3.7,1
TF1406.CFE,2014/6/18,110021.IB,4.320547945,2013/10/13,2014/10/13,3.65,1
TF1406.CFE,2014/6/18,120005.IB,4.720547945,2014/3/8,2015/3/8,3.41,1
TF1406.CFE,2014/6/18,120016.IB,5.219178082,2013/9/6,2014/9/6,3.25,1
TF1406.CFE,2014/6/18,130003.IB,5.602739726,2014/1/24,2015/1/24,3.42,1
TF1406.CFE,2014/6/18,130008.IB,5.832876712,2014/4/18,2015/4/18,3.29,1
TF1406.CFE,2014/6/18,130015.IB,6.063013699,2013/7/11,2014/7/11,3.46,1
TF1406.CFE,2014/6/18,130020.IB,6.331506849,2013/10/17,2014/10/17,4.07,1
TF1406.CFE,2014/6/18,130023.IB,4.389041096,2013/11/7,2014/11/7,4.13,1
TF1406.CFE,2014/6/18,140001.IB,4.556164384,2014/1/7,2015/1/7,4.47,1
TF1406.CFE,2014/6/18,140003.IB,6.580821918,2014/1/16,2015/1/16,4.44,1
TF1406.CFE,2014/6/18,140006.IB,6.791780822,2014/4/3,2015/4/3,4.33,1
TF1406.CFE,2014/6/18,140008.IB,4.849315068,2014/4/24,2015/4/24,4.04,1
TF1409.CFE,2014/9/17,050012.IB,6.161643836,2014/5/15,2014/11/15,3.65,2
TF1409.CFE,2014/9/17,080025.IB,4.243835616,2014/6/15,2014/12/15,2.9,2
TF1409.CFE,2014/9/17,090007.IB,4.635616438,2014/5/7,2014/11/7,3.02,2
TF1409.CFE,2014/9/17,090012.IB,4.750684932,2014/6/18,2014/12/18,3.09,2
TF1409.CFE,2014/9/17,090016.IB,4.846575342,2014/7/23,2015/1/23,3.48,2
TF1409.CFE,2014/9/17,090027.IB,5.134246575,2014/5/5,2014/11/5,3.68,2
TF1409.CFE,2014/9/17,100002.IB,5.383561644,2014/8/4,2015/2/4,3.43,2
TF1409.CFE,2014/9/17,100012.IB,5.652054795,2014/5/13,2014/11/13,3.25,2
TF1409.CFE,2014/9/17,100019.IB,5.767123288,2014/6/24,2014/12/24,3.41,2
TF1409.CFE,2014/9/17,100024.IB,5.882191781,2014/8/5,2015/2/5,3.28,2
TF1409.CFE,2014/9/17,100034.IB,6.112328767,2014/4/28,2014/10/28,3.67,2
TF1409.CFE,2014/9/17,100041.IB,6.246575342,2014/6/16,2014/12/16,3.77,2
TF1409.CFE,2014/9/17,110002.IB,6.342465753,2014/7/20,2015/1/20,3.94,2
TF1409.CFE,2014/9/17,110015.IB,6.745205479,2014/6/16,2014/12/16,3.99,2
TF1409.CFE,2014/9/17,110019.IB,6.917808219,2014/8/18,2015/2/18,3.93,2
TF1409.CFE,2014/9/17,110021.IB,4.071232877,2013/10/13,2014/10/13,3.65,1
TF1409.CFE,2014/9/17,120005.IB,4.471232877,2014/3/8,2015/3/8,3.41,1
TF1409.CFE,2014/9/17,120010.IB,4.720547945,2014/6/7,2015/6/7,3.14,1
TF1409.CFE,2014/9/17,130003.IB,5.353424658,2014/1/24,2015/1/24,3.42,1
TF1409.CFE,2014/9/17,130008.IB,5.583561644,2014/4/18,2015/4/18,3.29,1
TF1409.CFE,2014/9/17,130015.IB,5.81369863,2014/7/11,2015/7/11,3.46,1
TF1409.CFE,2014/9/17,130020.IB,6.082191781,2013/10/17,2014/10/17,4.07,1
TF1409.CFE,2014/9/17,130023.IB,4.139726027,2013/11/7,2014/11/7,4.13,1
TF1409.CFE,2014/9/17,140001.IB,4.306849315,2014/1/7,2015/1/7,4.47,1
TF1409.CFE,2014/9/17,140003.IB,6.331506849,2014/1/16,2015/1/16,4.44,1
TF1409.CFE,2014/9/17,140006.IB,6.542465753,2014/4/3,2015/4/3,4.33,1
TF1409.CFE,2014/9/17,140008.IB,4.6,2014/4/24,2015/4/24,4.04,1
TF1409.CFE,2014/9/17,140013.IB,6.791780822,2014/7/3,2015/7/3,4.02,1
TF1412.CFE,2014/12/17,050012.IB,5.912328767,2014/11/15,2015/5/15,3.65,2
TF1412.CFE,2014/12/17,060019.IB,6.912328767,2014/11/15,2015/5/15,3.27,2
TF1412.CFE,2014/12/17,090003.IB,4.232876712,2014/9/12,2015/3/12,3.05,2
TF1412.CFE,2014/12/17,090007.IB,4.38630137,2014/11/7,2015/5/7,3.02,2
TF1412.CFE,2014/12/17,090016.IB,4.597260274,2014/7/23,2015/1/23,3.48,2
TF1412.CFE,2014/12/17,090023.IB,4.750684932,2014/9/17,2015/3/17,3.44,2
TF1412.CFE,2014/12/17,090027.IB,4.884931507,2014/11/5,2015/5/5,3.68,2
TF1412.CFE,2014/12/17,100002.IB,5.134246575,2014/8/4,2015/2/4,3.43,2
TF1412.CFE,2014/12/17,100007.IB,5.268493151,2014/9/25,2015/3/25,3.36,2
TF1412.CFE,2014/12/17,100012.IB,5.402739726,2014/11/13,2015/5/13,3.25,2
TF1412.CFE,2014/12/17,100024.IB,5.632876712,2014/8/5,2015/2/5,3.28,2
TF1412.CFE,2014/12/17,100031.IB,5.747945205,2014/9/16,2015/3/16,3.29,2
TF1412.CFE,2014/12/17,100034.IB,5.863013699,2014/10/28,2015/4/28,3.67,2
TF1412.CFE,2014/12/17,110002.IB,6.093150685,2014/7/20,2015/1/20,3.94,2
TF1412.CFE,2014/12/17,110008.IB,6.246575342,2014/9/17,2015/3/17,3.83,2
TF1412.CFE,2014/12/17,110019.IB,6.668493151,2014/8/18,2015/2/18,3.93,2
TF1412.CFE,2014/12/17,110024.IB,6.917808219,2014/11/17,2015/5/17,3.57,2
TF1412.CFE,2014/12/17,120005.IB,4.221917808,2014/3/8,2015/3/8,3.41,1
TF1412.CFE,2014/12/17,120010.IB,4.471232877,2014/6/7,2015/6/7,3.14,1
TF1412.CFE,2014/12/17,120016.IB,4.720547945,2014/9/6,2015/9/6,3.25,1
TF1412.CFE,2014/12/17,130003.IB,5.104109589,2014/1/24,2015/1/24,3.42,1
TF1412.CFE,2014/12/17,130008.IB,5.334246575,2014/4/18,2015/4/18,3.29,1
TF1412.CFE,2014/12/17,130015.IB,5.564383562,2014/7/11,2015/7/11,3.46,1
TF1412.CFE,2014/12/17,130020.IB,5.832876712,2014/10/17,2015/10/17,4.07,1
TF1412.CFE,2014/12/17,140001.IB,4.057534247,2014/1/7,2015/1/7,4.47,1
TF1412.CFE,2014/12/17,140003.IB,6.082191781,2014/1/16,2015/1/16,4.44,1
TF1412.CFE,2014/12/17,140006.IB,6.293150685,2014/4/3,2015/4/3,4.33,1
TF1412.CFE,2014/12/17,140008.IB,4.350684932,2014/4/24,2015/4/24,4.04,1
TF1412.CFE,2014/12/17,140013.IB,6.542465753,2014/7/3,2015/7/3,4.02,1
TF1412.CFE,2014/12/17,140024.IB,6.849315068,2014/10/23,2015/10/23,3.7,1
TF1412.CFE,2014/12/17,140026.IB,4.868493151,2014/10/30,2015/10/30,3.53,1
TF1503.CFE,2015/3/18,050012.IB,5.663013699,2014/11/15,2015/5/15,3.65,2
TF1503.CFE,2015/3/18,060019.IB,6.663013699,2014/11/15,2015/5/15,3.27,2
TF1503.CFE,2015/3/18,090007.IB,4.136986301,2014/11/7,2015/5/7,3.02,2
TF1503.CFE,2015/3/18,090012.IB,4.252054795,2014/12/18,2015/6/18,3.09,2
TF1503.CFE,2015/3/18,090016.IB,4.347945205,2015/1/23,2015/7/23,3.48,2
TF1503.CFE,2015/3/18,090027.IB,4.635616438,2014/11/5,2015/5/5,3.68,2
TF1503.CFE,2015/3/18,100002.IB,4.884931507,2015/2/4,2015/8/4,3.43,2
TF1503.CFE,2015/3/18,100012.IB,5.153424658,2014/11/13,2015/5/13,3.25,2
TF1503.CFE,2015/3/18,100019.IB,5.268493151,2014/12/24,2015/6/24,3.41,2
TF1503.CFE,2015/3/18,100024.IB,5.383561644,2015/2/5,2015/8/5,3.28,2
TF1503.CFE,2015/3/18,100034.IB,5.61369863,2014/10/28,2015/4/28,3.67,2
TF1503.CFE,2015/3/18,100041.IB,5.747945205,2014/12/16,2015/6/16,3.77,2
TF1503.CFE,2015/3/18,110002.IB,5.843835616,2015/1/20,2015/7/20,3.94,2
TF1503.CFE,2015/3/18,110015.IB,6.246575342,2014/12/16,2015/6/16,3.99,2
TF1503.CFE,2015/3/18,110019.IB,6.419178082,2015/2/18,2015/8/18,3.93,2
TF1503.CFE,2015/3/18,110024.IB,6.668493151,2014/11/17,2015/5/17,3.57,2
TF1503.CFE,2015/3/18,120004.IB,6.936986301,2015/2/23,2015/8/23,3.51,2
TF1503.CFE,2015/3/18,120010.IB,4.221917808,2014/6/7,2015/6/7,3.14,1
TF1503.CFE,2015/3/18,120016.IB,4.471232877,2014/9/6,2015/9/6,3.25,1
TF1503.CFE,2015/3/18,130003.IB,4.854794521,2015/1/24,2016/1/24,3.42,1
TF1503.CFE,2015/3/18,130008.IB,5.084931507,2014/4/18,2015/4/18,3.29,1
TF1503.CFE,2015/3/18,130015.IB,5.315068493,2014/7/11,2015/7/11,3.46,1
TF1503.CFE,2015/3/18,130020.IB,5.583561644,2014/10/17,2015/10/17,4.07,1
TF1503.CFE,2015/3/18,140003.IB,5.832876712,2015/1/16,2016/1/16,4.44,1
TF1503.CFE,2015/3/18,140006.IB,6.043835616,2014/4/3,2015/4/3,4.33,1
TF1503.CFE,2015/3/18,140008.IB,4.101369863,2014/4/24,2015/4/24,4.04,1
TF1503.CFE,2015/3/18,140013.IB,6.293150685,2014/7/3,2015/7/3,4.02,1
TF1503.CFE,2015/3/18,140024.IB,6.6,2014/10/23,2015/10/23,3.7,1
TF1503.CFE,2015/3/18,140026.IB,4.619178082,2014/10/30,2015/10/30,3.53,1
TF1503.CFE,2015/3/18,150002.IB,6.849315068,2015/1/22,2016/1/22,3.36,1
TF1503.CFE,2015/3/18,150003.IB,4.887671233,2015/2/5,2016/2/5,3.31,1
TF1506.CFE,2015/6/17,050012.IB,5.41369863,2015/5/15,2015/11/15,3.65,2
TF1506.CFE,2015/6/17,060019.IB,6.41369863,2015/5/15,2015/11/15,3.27,2
TF1506.CFE,2015/6/17,090016.IB,4.098630137,2015/1/23,2015/7/23,3.48,2
TF1506.CFE,2015/6/17,090023.IB,4.252054795,2015/3/17,2015/9/17,3.44,2
TF1506.CFE,2015/6/17,090027.IB,4.38630137,2015/5/5,2015/11/5,3.68,2
TF1506.CFE,2015/6/17,100002.IB,4.635616438,2015/2/4,2015/8/4,3.43,2
TF1506.CFE,2015/6/17,100007.IB,4.770491803,2015/3/25,2015/9/25,3.36,2
TF1506.CFE,2015/6/17,100012.IB,4.904371585,2015/5/13,2015/11/13,3.25,2
TF1506.CFE,2015/6/17,100024.IB,5.134246575,2015/2/5,2015/8/5,3.28,2
TF1506.CFE,2015/6/17,100031.IB,5.249315068,2015/3/16,2015/9/16,3.29,2
TF1506.CFE,2015/6/17,100034.IB,5.364383562,2015/4/28,2015/10/28,3.67,2
TF1506.CFE,2015/6/17,110002.IB,5.594520548,2015/1/20,2015/7/20,3.94,2
TF1506.CFE,2015/6/17,110008.IB,5.74863388,2015/3/17,2015/9/17,3.83,2
TF1506.CFE,2015/6/17,110019.IB,6.169863014,2015/2/18,2015/8/18,3.93,2
TF1506.CFE,2015/6/17,110024.IB,6.419178082,2015/5/17,2015/11/17,3.57,2
TF1506.CFE,2015/6/17,120004.IB,6.687671233,2015/2/23,2015/8/23,3.51,2
TF1506.CFE,2015/6/17,120009.IB,6.93442623,2015/5/24,2015/11/24,3.36,2
TF1506.CFE,2015/6/17,120016.IB,4.221917808,2014/9/6,2015/9/6,3.25,1
TF1506.CFE,2015/6/17,130003.IB,4.605479452,2015/1/24,2016/1/24,3.42,1
TF1506.CFE,2015/6/17,130008.IB,4.836065574,2015/4/18,2016/4/18,3.29,1
TF1506.CFE,2015/6/17,130015.IB,5.065753425,2014/7/11,2015/7/11,3.46,1
TF1506.CFE,2015/6/17,130020.IB,5.334246575,2014/10/17,2015/10/17,4.07,1
TF1506.CFE,2015/6/17,140003.IB,5.583561644,2015/1/16,2016/1/16,4.44,1
TF1506.CFE,2015/6/17,140006.IB,5.795081967,2015/4/3,2016/4/3,4.33,1
TF1506.CFE,2015/6/17,140024.IB,6.350684932,2014/10/23,2015/10/23,3.7,1
TF1506.CFE,2015/6/17,140026.IB,4.369863014,2014/10/30,2015/10/30,3.53,1
TF1506.CFE,2015/6/17,150002.IB,6.6,2015/1/22,2016/1/22,3.36,1
TF1506.CFE,2015/6/17,150003.IB,4.638356164,2015/2/5,2016/2/5,3.31,1
TF1506.CFE,2015/6/17,150007.IB,6.830601093,2015/4/16,2016/4/16,3.54,1
TF1506.CFE,2015/6/17,150011.IB,4.945355191,2015/5/28,2016/5/28,3.1,1
TF1509.CFE,2015/9/16,050012.IB,5.164383562,2015/5/15,2015/11/15,3.65,2
TF1509.CFE,2015/9/16,060019.IB,6.164383562,2015/5/15,2015/11/15,3.27,2
TF1509.CFE,2015/9/16,090027.IB,4.136986301,2015/5/5,2015/11/5,3.68,2
TF1509.CFE,2015/9/16,100002.IB,4.38630137,2015/8/4,2016/2/4,3.43,2
TF1509.CFE,2015/9/16,100012.IB,4.655737705,2015/5/13,2015/11/13,3.25,2
TF1509.CFE,2015/9/16,100019.IB,4.770491803,2015/6/24,2015/12/24,3.41,2
TF1509.CFE,2015/9/16,100024.IB,4.885245902,2015/8/5,2016/2/5,3.28,2
TF1509.CFE,2015/9/16,100034.IB,5.115068493,2015/4/28,2015/10/28,3.67,2
TF1509.CFE,2015/9/16,100041.IB,5.249315068,2015/6/16,2015/12/16,3.77,2
TF1509.CFE,2015/9/16,110002.IB,5.345205479,2015/7/20,2016/1/20,3.94,2
TF1509.CFE,2015/9/16,110015.IB,5.74863388,2015/6/16,2015/12/16,3.99,2
TF1509.CFE,2015/9/16,110019.IB,5.920765027,2015/8/18,2016/2/18,3.93,2
TF1509.CFE,2015/9/16,110024.IB,6.169863014,2015/5/17,2015/11/17,3.57,2
TF1509.CFE,2015/9/16,120004.IB,6.438356164,2015/8/23,2016/2/23,3.51,2
TF1509.CFE,2015/9/16,120009.IB,6.68579235,2015/5/24,2015/11/24,3.36,2
TF1509.CFE,2015/9/16,120015.IB,6.93442623,2015/8/23,2016/2/23,3.39,2
TF1509.CFE,2015/9/16,130003.IB,4.356164384,2015/1/24,2016/1/24,3.42,1
TF1509.CFE,2015/9/16,130008.IB,4.587431694,2015/4/18,2016/4/18,3.29,1
TF1509.CFE,2015/9/16,130015.IB,4.816939891,2015/7/11,2016/7/11,3.46,1
TF1509.CFE,2015/9/16,130020.IB,5.084931507,2014/10/17,2015/10/17,4.07,1
TF1509.CFE,2015/9/16,140003.IB,5.334246575,2015/1/16,2016/1/16,4.44,1
TF1509.CFE,2015/9/16,140006.IB,5.546448087,2015/4/3,2016/4/3,4.33,1
TF1509.CFE,2015/9/16,140013.IB,5.795081967,2015/7/3,2016/7/3,4.02,1
TF1509.CFE,2015/9/16,140024.IB,6.101369863,2014/10/23,2015/10/23,3.7,1
TF1509.CFE,2015/9/16,140026.IB,4.120547945,2014/10/30,2015/10/30,3.53,1
TF1509.CFE,2015/9/16,150002.IB,6.350684932,2015/1/22,2016/1/22,3.36,1
TF1509.CFE,2015/9/16,150003.IB,4.389041096,2015/2/5,2016/2/5,3.31,1
TF1509.CFE,2015/9/16,150007.IB,6.581967213,2015/4/16,2016/4/16,3.54,1
TF1509.CFE,2015/9/16,150011.IB,4.696721311,2015/5/28,2016/5/28,3.1,1
TF1509.CFE,2015/9/16,150014.IB,6.81147541,2015/7/9,2016/7/9,3.3,1
TF1512.CFE,2015/12/16,050012.IB,4.915300546,2015/11/15,2016/5/15,3.65,2
TF1512.CFE,2015/12/16,100002.IB,4.136986301,2015/8/4,2016/2/4,3.43,2
TF1512.CFE,2015/12/16,100007.IB,4.273224044,2015/9/25,2016/3/25,3.36,2
TF1512.CFE,2015/12/16,100012.IB,4.407103825,2015/11/13,2016/5/13,3.25,2
TF1512.CFE,2015/12/16,100024.IB,4.636612022,2015/8/5,2016/2/5,3.28,2
TF1512.CFE,2015/12/16,100031.IB,4.75136612,2015/9/16,2016/3/16,3.29,2
TF1512.CFE,2015/12/16,100034.IB,4.866120219,2015/10/28,2016/4/28,3.67,2
TF1512.CFE,2015/12/16,110002.IB,5.095890411,2015/7/20,2016/1/20,3.94,2
TF1512.CFE,2015/12/16,130003.IB,4.106849315,2015/1/24,2016/1/24,3.42,1
TF1512.CFE,2015/12/16,130008.IB,4.338797814,2015/4/18,2016/4/18,3.29,1
TF1512.CFE,2015/12/16,130015.IB,4.568306011,2015/7/11,2016/7/11,3.46,1
TF1512.CFE,2015/12/16,130020.IB,4.836065574,2015/10/17,2016/10/17,4.07,1
TF1512.CFE,2015/12/16,140003.IB,5.084931507,2015/1/16,2016/1/16,4.44,1
TF1512.CFE,2015/12/16,150003.IB,4.139726027,2015/2/5,2016/2/5,3.31,1
TF1512.CFE,2015/12/16,150011.IB,4.448087432,2015/5/28,2016/5/28,3.1,1
TF1512.CFE,2015/12/16,150019.IB,4.729508197,2015/9/8,2016/9/8,3.14,1
TF1603.CFE,2016/3/16,050012.IB,4.666666667,2015/11/15,2016/5/15,3.65,2
TF1603.CFE,2016/3/16,100012.IB,4.158469945,2015/11/13,2016/5/13,3.25,2
TF1603.CFE,2016/3/16,100019.IB,4.273224044,2015/12/24,2016/6/24,3.41,2
TF1603.CFE,2016/3/16,100024.IB,4.387978142,2016/2/5,2016/8/5,3.28,2
TF1603.CFE,2016/3/16,100034.IB,4.617486339,2015/10/28,2016/4/28,3.67,2
TF1603.CFE,2016/3/16,100041.IB,4.75136612,2015/12/16,2016/6/16,3.77,2
TF1603.CFE,2016/3/16,110002.IB,4.846994536,2016/1/20,2016/7/20,3.94,2
TF1603.CFE,2016/3/16,130008.IB,4.090163934,2015/4/18,2016/4/18,3.29,1
TF1603.CFE,2016/3/16,130015.IB,4.319672131,2015/7/11,2016/7/11,3.46,1
TF1603.CFE,2016/3/16,130020.IB,4.587431694,2015/10/17,2016/10/17,4.07,1
TF1603.CFE,2016/3/16,140003.IB,4.836065574,2016/1/16,2017/1/16,4.44,1
TF1603.CFE,2016/3/16,140006.IB,5.049180328,2015/4/3,2016/4/3,4.33,1
TF1603.CFE,2016/3/16,150011.IB,4.199453552,2015/5/28,2016/5/28,3.1,1
TF1603.CFE,2016/3/16,150019.IB,4.480874317,2015/9/8,2016/9/8,3.14,1
TF1603.CFE,2016/3/16,160002.IB,4.830601093,2016/1/14,2017/1/14,2.53,1
TF1606.CFE,2016/6/16,050012.IB,4.415300546,2016/5/15,2016/11/15,3.65,2
TF1606.CFE,2016/6/16,100024.IB,4.136612022,2016/2/5,2016/8/5,3.28,2
TF1606.CFE,2016/6/16,100031.IB,4.25136612,2016/3/16,2016/9/16,3.29,2
TF1606.CFE,2016/6/16,100034.IB,4.366120219,2016/4/28,2016/10/28,3.67,2
TF1606.CFE,2016/6/16,110002.IB,4.595628415,2016/1/20,2016/7/20,3.94,2
TF1606.CFE,2016/6/16,110008.IB,4.750684932,2016/3/17,2016/9/17,3.83,2
TF1606.CFE,2016/6/16,110019.IB,5.172131148,2016/2/18,2016/8/18,3.93,2
TF1606.CFE,2016/6/16,130015.IB,4.068306011,2015/7/11,2016/7/11,3.46,1
TF1606.CFE,2016/6/16,130020.IB,4.336065574,2015/10/17,2016/10/17,4.07,1
TF1606.CFE,2016/6/16,140003.IB,4.584699454,2016/1/16,2017/1/16,4.44,1
TF1606.CFE,2016/6/16,140006.IB,4.797260274,2016/4/3,2017/4/3,4.33,1
TF1606.CFE,2016/6/16,140013.IB,5.046448087,2015/7/3,2016/7/3,4.02,1
TF1606.CFE,2016/6/16,150019.IB,4.229508197,2015/9/8,2016/9/8,3.14,1
TF1606.CFE,2016/6/16,160002.IB,4.579234973,2016/1/14,2017/1/14,2.53,1
TF1606.CFE,2016/6/16,160007.IB,4.82739726,2016/4/14,2017/4/14,2.58,1
TF1609.CFE,2016/9/14,050012.IB,4.169398907,2016/5/15,2016/11/15,3.65,2
TF1609.CFE,2016/9/14,060019.IB,5.169398907,2016/5/15,2016/11/15,3.27,2
TF1609.CFE,2016/9/14,100034.IB,4.120218579,2016/4/28,2016/10/28,3.67,2
TF1609.CFE,2016/9/14,100041.IB,4.254098361,2016/6/16,2016/12/16,3.77,2
TF1609.CFE,2016/9/14,110002.IB,4.349726776,2016/7/20,2017/1/20,3.94,2
TF1609.CFE,2016/9/14,110015.IB,4.753424658,2016/6/16,2016/12/16,3.99,2
TF1609.CFE,2016/9/14,110019.IB,4.926027397,2016/8/18,2017/2/18,3.93,2
TF1609.CFE,2016/9/14,110024.IB,5.174863388,2016/5/17,2016/11/17,3.57,2
TF1609.CFE,2016/9/14,130020.IB,4.090163934,2015/10/17,2016/10/17,4.07,1
TF1609.CFE,2016/9/14,140003.IB,4.338797814,2016/1/16,2017/1/16,4.44,1
TF1609.CFE,2016/9/14,140006.IB,4.550684932,2016/4/3,2017/4/3,4.33,1
TF1609.CFE,2016/9/14,140013.IB,4.8,2016/7/3,2017/7/3,4.02,1
TF1609.CFE,2016/9/14,140024.IB,5.106557377,2015/10/23,2016/10/23,3.7,1
TF1609.CFE,2016/9/14,160002.IB,4.333333333,2016/1/14,2017/1/14,2.53,1
TF1609.CFE,2016/9/14,160007.IB,4.580821918,2016/4/14,2017/4/14,2.58,1
TF1609.CFE,2016/9/14,160015.IB,4.830136986,2016/7/14,2017/7/14,2.65,1
TF1612.CFE,2016/12/14,060019.IB,4.920547945,2016/11/15,2017/5/15,3.27,2
TF1612.CFE,2016/12/14,110002.IB,4.101092896,2016/7/20,2017/1/20,3.94,2
TF1612.CFE,2016/12/14,110008.IB,4.254794521,2016/9/17,2017/3/17,3.83,2
TF1612.CFE,2016/12/14,110019.IB,4.676712329,2016/8/18,2017/2/18,3.93,2
TF1612.CFE,2016/12/14,110024.IB,4.926027397,2016/11/17,2017/5/17,3.57,2
TF1612.CFE,2016/12/14,120004.IB,5.193989071,2016/8/23,2017/2/23,3.51,2
TF1612.CFE,2016/12/14,140003.IB,4.090163934,2016/1/16,2017/1/16,4.44,1
TF1612.CFE,2016/12/14,140006.IB,4.301369863,2016/4/3,2017/4/3,4.33,1
TF1612.CFE,2016/12/14,140013.IB,4.550684932,2016/7/3,2017/7/3,4.02,1
TF1612.CFE,2016/12/14,140024.IB,4.857534247,2016/10/23,2017/10/23,3.7,1
TF1612.CFE,2016/12/14,150002.IB,5.106557377,2016/1/22,2017/1/22,3.36,1
TF1612.CFE,2016/12/14,160002.IB,4.084699454,2016/1/14,2017/1/14,2.53,1
TF1612.CFE,2016/12/14,160007.IB,4.331506849,2016/4/14,2017/4/14,2.58,1
TF1612.CFE,2016/12/14,160015.IB,4.580821918,2016/7/14,2017/7/14,2.65,1
TF1612.CFE,2016/12/14,160021.IB,4.849315068,2016/10/20,2017/10/20,2.39,1
TF1703.CFE,2017/3/15,060019.IB,4.671232877,2016/11/15,2017/5/15,3.27,2
TF1703.CFE,2017/3/15,110015.IB,4.254794521,2016/12/16,2017/6/16,3.99,2
TF1703.CFE,2017/3/15,110019.IB,4.42739726,2017/2/18,2017/8/18,3.93,2
TF1703.CFE,2017/3/15,110024.IB,4.676712329,2016/11/17,2017/5/17,3.57,2
TF1703.CFE,2017/3/15,120004.IB,4.945205479,2017/2/23,2017/8/23,3.51,2
TF1703.CFE,2017/3/15,120009.IB,5.191780822,2016/11/24,2017/5/24,3.36,2
TF1703.CFE,2017/3/15,140006.IB,4.052054795,2016/4/3,2017/4/3,4.33,1
TF1703.CFE,2017/3/15,140013.IB,4.301369863,2016/7/3,2017/7/3,4.02,1
TF1703.CFE,2017/3/15,140024.IB,4.608219178,2016/10/23,2017/10/23,3.7,1
TF1703.CFE,2017/3/15,150002.IB,4.857534247,2017/1/22,2018/1/22,3.36,1
TF1703.CFE,2017/3/15,150007.IB,5.087671233,2016/4/16,2017/4/16,3.54,1
TF1703.CFE,2017/3/15,160007.IB,4.082191781,2016/4/14,2017/4/14,2.58,1
TF1703.CFE,2017/3/15,160015.IB,4.331506849,2016/7/14,2017/7/14,2.65,1
TF1703.CFE,2017/3/15,160021.IB,4.6,2016/10/20,2017/10/20,2.39,1
TF1703.CFE,2017/3/15,170001.IB,4.830136986,2017/1/12,2018/1/12,2.88,1
TF1706.CFE,2017/6/14,060019.IB,4.421917808,2017/5/15,2017/11/15,3.27,2
TF1706.CFE,2017/6/14,110019.IB,4.178082192,2017/2/18,2017/8/18,3.93,2
TF1706.CFE,2017/6/14,110024.IB,4.42739726,2017/5/17,2017/11/17,3.57,2
TF1706.CFE,2017/6/14,120004.IB,4.695890411,2017/2/23,2017/8/23,3.51,2
TF1706.CFE,2017/6/14,120009.IB,4.942465753,2017/5/24,2017/11/24,3.36,2
TF1706.CFE,2017/6/14,120015.IB,5.191780822,2017/2/23,2017/8/23,3.39,2
TF1706.CFE,2017/6/14,140013.IB,4.052054795,2016/7/3,2017/7/3,4.02,1
TF1706.CFE,2017/6/14,140024.IB,4.35890411,2016/10/23,2017/10/23,3.7,1
TF1706.CFE,2017/6/14,150002.IB,4.608219178,2017/1/22,2018/1/22,3.36,1
TF1706.CFE,2017/6/14,150007.IB,4.838356164,2017/4/16,2018/4/16,3.54,1
TF1706.CFE,2017/6/14,150014.IB,5.068493151,2016/7/9,2017/7/9,3.3,1
TF1706.CFE,2017/6/14,160015.IB,4.082191781,2016/7/14,2017/7/14,2.65,1
TF1706.CFE,2017/6/14,160021.IB,4.350684932,2016/10/20,2017/10/20,2.39,1
TF1706.CFE,2017/6/14,170001.IB,4.580821918,2017/1/12,2018/1/12,2.88,1
TF1706.CFE,2017/6/14,170007.IB,4.830136986,2017/4/13,2018/4/13,3.13,1
TF1709.CFE,2017/9/13,060019.IB,4.17260274,2017/5/15,2017/11/15,3.27,2
TF1709.CFE,2017/9/13,110024.IB,4.178082192,2017/5/17,2017/11/17,3.57,2
TF1709.CFE,2017/9/13,120004.IB,4.446575342,2017/8/23,2018/2/23,3.51,2
TF1709.CFE,2017/9/13,120009.IB,4.693150685,2017/5/24,2017/11/24,3.36,2
TF1709.CFE,2017/9/13,120015.IB,4.942465753,2017/8/23,2018/2/23,3.39,2
TF1709.CFE,2017/9/13,140024.IB,4.109589041,2016/10/23,2017/10/23,3.7,1
TF1709.CFE,2017/9/13,150002.IB,4.35890411,2017/1/22,2018/1/22,3.36,1
TF1709.CFE,2017/9/13,150007.IB,4.589041096,2017/4/16,2018/4/16,3.54,1
TF1709.CFE,2017/9/13,150014.IB,4.819178082,2017/7/9,2018/7/9,3.3,1
TF1709.CFE,2017/9/13,150026.IB,5.106849315,2016/10/22,2017/10/22,3.05,1
TF1709.CFE,2017/9/13,160021.IB,4.101369863,2016/10/20,2017/10/20,2.39,1
TF1709.CFE,2017/9/13,170001.IB,4.331506849,2017/1/12,2018/1/12,2.88,1
TF1709.CFE,2017/9/13,170007.IB,4.580821918,2017/4/13,2018/4/13,3.13,1
TF1709.CFE,2017/9/13,170014.IB,4.830136986,2017/7/13,2018/7/13,3.47,1
TF1712.CFE,2017/12/13,080002.IB,5.210958904,2017/8/28,2018/2/28,4.16,2
TF1712.CFE,2017/12/13,120004.IB,4.197260274,2017/8/23,2018/2/23,3.51,2
TF1712.CFE,2017/12/13,120009.IB,4.443835616,2017/11/24,2018/5/24,3.36,2
TF1712.CFE,2017/12/13,120015.IB,4.693150685,2017/8/23,2018/2/23,3.39,2
TF1712.CFE,2017/12/13,130005.IB,5.191780822,2017/8/21,2018/2/21,3.52,2
TF1712.CFE,2017/12/13,150002.IB,4.109589041,2017/1/22,2018/1/22,3.36,1
TF1712.CFE,2017/12/13,150007.IB,4.339726027,2017/4/16,2018/4/16,3.54,1
TF1712.CFE,2017/12/13,150014.IB,4.569863014,2017/7/9,2018/7/9,3.3,1
TF1712.CFE,2017/12/13,150026.IB,4.857534247,2017/10/22,2018/10/22,3.05,1
TF1712.CFE,2017/12/13,1700003.IB,4.767123288,2017/9/19,2018/9/19,3.59,1
TF1712.CFE,2017/12/13,170001.IB,4.082191781,2017/1/12,2018/1/12,2.88,1
TF1712.CFE,2017/12/13,170007.IB,4.331506849,2017/4/13,2018/4/13,3.13,1
TF1712.CFE,2017/12/13,170014.IB,4.580821918,2017/7/13,2018/7/13,3.47,1
TF1712.CFE,2017/12/13,170021.IB,4.849315068,2017/10/19,2018/10/19,3.73,1
TF1803.CFE,2018/3/14,080002.IB,4.961643836,2018/2/28,2018/8/28,4.16,2
TF1803.CFE,2018/3/14,120009.IB,4.194520548,2017/11/24,2018/5/24,3.36,2
TF1803.CFE,2018/3/14,120015.IB,4.443835616,2018/2/23,2018/8/23,3.39,2
TF1803.CFE,2018/3/14,120021.IB,4.750684932,2017/12/13,2018/6/13,3.55,2
TF1803.CFE,2018/3/14,130005.IB,4.942465753,2018/2/21,2018/8/21,3.52,2
TF1803.CFE,2018/3/14,130011.IB,5.191780822,2017/11/23,2018/5/23,3.38,2
TF1803.CFE,2018/3/14,150007.IB,4.090410959,2017/4/16,2018/4/16,3.54,1
TF1803.CFE,2018/3/14,150014.IB,4.320547945,2017/7/9,2018/7/9,3.3,1
TF1803.CFE,2018/3/14,150026.IB,4.608219178,2017/10/22,2018/10/22,3.05,1
TF1803.CFE,2018/3/14,1700003.IB,4.517808219,2017/9/19,2018/9/19,3.59,1
TF1803.CFE,2018/3/14,170007.IB,4.082191781,2017/4/13,2018/4/13,3.13,1
TF1803.CFE,2018/3/14,170014.IB,4.331506849,2017/7/13,2018/7/13,3.47,1
TF1803.CFE,2018/3/14,170021.IB,4.6,2017/10/19,2018/10/19,3.73,1
TF1803.CFE,2018/3/14,180001.IB,4.849315068,2018/1/18,2019/1/18,3.81,1
TF1806.CFE,2018/6/13,080002.IB,4.712328767,2018/2/28,2018/8/28,4.16,2
TF1806.CFE,2018/6/13,120015.IB,4.194520548,2018/2/23,2018/8/23,3.39,2
TF1806.CFE,2018/6/13,130005.IB,4.693150685,2018/2/21,2018/8/21,3.52,2
TF1806.CFE,2018/6/13,130011.IB,4.942465753,2018/5/23,2018/11/23,3.38,2
TF1806.CFE,2018/6/13,130018.IB,5.191780822,2018/2/22,2018/8/22,4.08,2
TF1806.CFE,2018/6/13,150014.IB,4.071232877,2017/7/9,2018/7/9,3.3,1
TF1806.CFE,2018/6/13,150026.IB,4.35890411,2017/10/22,2018/10/22,3.05,1
TF1806.CFE,2018/6/13,160006.IB,4.75890411,2018/3/17,2019/3/17,2.75,1
TF1806.CFE,2018/6/13,1700003.IB,4.268493151,2017/9/19,2018/9/19,3.59,1
TF1806.CFE,2018/6/13,170014.IB,4.082191781,2017/7/13,2018/7/13,3.47,1
TF1806.CFE,2018/6/13,170021.IB,4.350684932,2017/10/19,2018/10/19,3.73,1
TF1806.CFE,2018/6/13,180001.IB,4.6,2018/1/18,2019/1/18,3.81,1
TF1806.CFE,2018/6/13,180009.IB,4.849315068,2018/4/19,2019/4/19,3.17,1
TF1809.CFE,2018/9/19,080002.IB,4.443835616,2018/8/28,2019/2/28,4.16,2
TF1809.CFE,2018/9/19,080023.IB,5.189041096,2018/5/27,2018/11/27,3.62,2
TF1809.CFE,2018/9/19,120021.IB,4.232876712,2018/6/13,2018/12/13,3.55,2
TF1809.CFE,2018/9/19,130005.IB,4.424657534,2018/8/21,2019/2/21,3.52,2
TF1809.CFE,2018/9/19,130011.IB,4.673972603,2018/5/23,2018/11/23,3.38,2
TF1809.CFE,2018/9/19,130018.IB,4.923287671,2018/8/22,2019/2/22,4.08,2
TF1809.CFE,2018/9/19,150026.IB,4.090410959,2017/10/22,2018/10/22,3.05,1
TF1809.CFE,2018/9/19,160006.IB,4.490410959,2018/3/17,2019/3/17,2.75,1
TF1809.CFE,2018/9/19,160014.IB,4.739726027,2018/6/16,2019/6/16,2.95,1
TF1809.CFE,2018/9/19,160025.IB,5.161643836,2017/11/17,2018/11/17,2.79,1
TF1809.CFE,2018/9/19,170021.IB,4.082191781,2017/10/19,2018/10/19,3.73,1
TF1809.CFE,2018/9/19,180001.IB,4.331506849,2018/1/18,2019/1/18,3.81,1
TF1809.CFE,2018/9/19,180009.IB,4.580821918,2018/4/19,2019/4/19,3.17,1
TF1809.CFE,2018/9/19,180016.IB,4.810958904,2018/7/12,2019/7/12,3.3,1
TF1812.CFE,2018/12/19,160006.IB,4.24109589,2018/3/17,2019/3/17,2.75,1
TF1812.CFE,2018/12/19,160014.IB,4.490410959,2018/6/16,2019/6/16,2.95,1
TF1812.CFE,2018/12/19,160020.IB,4.701369863,2018/9/1,2019/9/1,2.75,1
TF1812.CFE,2018/12/19,160025.IB,4.912328767,2018/11/17,2019/11/17,2.79,1
TF1812.CFE,2018/12/19,180001.IB,4.082191781,2018/1/18,2019/1/18,3.81,1
TF1812.CFE,2018/12/19,180009.IB,4.331506849,2018/4/19,2019/4/19,3.17,1
TF1812.CFE,2018/12/19,180016.IB,4.561643836,2018/7/12,2019/7/12,3.3,1
TF1812.CFE,2018/12/19,180023.IB,4.830136986,2018/10/18,2019/10/18,3.29,1
TF1903.CFE,2019/3/13,160014.IB,4.260273973,2018/6/16,2019/6/16,2.95,1
TF1903.CFE,2019/3/13,160020.IB,4.471232877,2018/9/1,2019/9/1,2.75,1
TF1903.CFE,2019/3/13,160025.IB,4.682191781,2018/11/17,2019/11/17,2.79,1
TF1903.CFE,2019/3/13,180009.IB,4.101369863,2018/4/19,2019/4/19,3.17,1
TF1903.CFE,2019/3/13,180016.IB,4.331506849,2018/7/12,2019/7/12,3.3,1
TF1903.CFE,2019/3/13,180023.IB,4.6,2018/10/18,2019/10/18,3.29,1
TF1906.CFE,2019/6/19,160020.IB,4.202739726,2018/9/1,2019/9/1,2.75,1
TF1906.CFE,2019/6/19,160025.IB,4.41369863,2018/11/17,2019/11/17,2.79,1
TF1906.CFE,2019/6/19,170006.IB,4.740437158,2019/3/16,2020/3/16,3.2,1
TF1906.CFE,2019/6/19,180016.IB,4.063013699,2018/7/12,2019/7/12,3.3,1
TF1906.CFE,2019/6/19,180023.IB,4.331506849,2018/10/18,2019/10/18,3.29,1
TF1906.CFE,2019/6/19,190004.IB,4.81147541,2019/4/11,2020/4/11,3.19,1
TF1909.CFE,2019/9/19,160025.IB,4.161643836,2018/11/17,2019/11/17,2.79,1
TF1909.CFE,2019/9/19,170006.IB,4.489071038,2019/3/16,2020/3/16,3.2,1
TF1909.CFE,2019/9/19,170013.IB,4.756830601,2019/6/22,2020/6/22,3.57,1
TF1909.CFE,2019/9/19,180023.IB,4.079452055,2018/10/18,2019/10/18,3.29,1
TF1909.CFE,2019/9/19,190004.IB,4.56010929,2019/4/11,2020/4/11,3.19,1
TF1912.CFE,2019/12/18,170006.IB,4.243169399,2019/3/16,2020/3/16,3.2,1
TF1912.CFE,2019/12/18,170013.IB,4.510928962,2019/6/22,2020/6/22,3.57,1
TF1912.CFE,2019/12/18,170020.IB,4.759562842,2019/9/21,2020/9/21,3.69,1
TF1912.CFE,2019/12/18,190004.IB,4.31420765,2019/4/11,2020/4/11,3.19,1
TF1912.CFE,2019/12/18,190013.IB,4.830601093,2019/10/17,2020/10/17,2.94,1
TF2003.CFE,2020/3/18,170013.IB,4.262295082,2019/6/22,2020/6/22,3.57,1
TF2003.CFE,2020/3/18,170020.IB,4.510928962,2019/9/21,2020/9/21,3.69,1
TF2003.CFE,2020/3/18,170027.IB,4.759562842,2019/12/21,2020/12/21,3.9,1
TF2003.CFE,2020/3/18,190004.IB,4.06557377,2019/4/11,2020/4/11,3.19,1
TF2003.CFE,2020/3/18,190013.IB,4.581967213,2019/10/17,2020/10/17,2.94,1
TF2006.CFE,2020/6/17,170020.IB,4.262295082,2019/9/21,2020/9/21,3.69,1
TF2006.CFE,2020/6/17,170027.IB,4.510928962,2019/12/21,2020/12/21,3.9,1
TF2006.CFE,2020/6/17,180005.IB,4.723287671,2020/3/8,2021/3/8,3.77,1
TF2006.CFE,2020/6/17,190013.IB,4.333333333,2019/10/17,2020/10/17,2.94,1
TF2006.CFE,2020/6/17,200005.IB,4.810958904,2020/4/9,2021/4/9,1.99,1
TF2009.CFE,2020/9/16,170027.IB,4.262295082,2019/12/21,2020/12/21,3.9,1
TF2009.CFE,2020/9/16,180005.IB,4.473972603,2020/3/8,2021/3/8,3.77,1
TF2009.CFE,2020/9/16,180013.IB,4.723287671,2020/6/7,2021/6/7,3.61,1
TF2009.CFE,2020/9/16,190013.IB,4.084699454,2019/10/17,2020/10/17,2.94,1
TF2009.CFE,2020/9/16,2000001.IB,4.756164384,2020/6/19,2021/6/19,2.41,1
TF2009.CFE,2020/9/16,200005.IB,4.561643836,2020/4/9,2021/4/9,1.99,1
TF2012.CFE,2020/12/16,180005.IB,4.224657534,2020/3/8,2021/3/8,3.77,1
TF2012.CFE,2020/12/16,180013.IB,4.473972603,2020/6/7,2021/6/7,3.61,1
TF2012.CFE,2020/12/16,180020.IB,4.723287671,2020/9/6,2021/9/6,3.6,1
TF2012.CFE,2020/12/16,2000001.IB,4.506849315,2020/6/19,2021/6/19,2.41,1
TF2012.CFE,2020/12/16,200005.IB,4.312328767,2020/4/9,2021/4/9,1.99,1
TF2103.CFE,2021/3/17,180013.IB,4.224657534,2020/6/7,2021/6/7,3.61,1
TF2103.CFE,2021/3/17,180020.IB,4.473972603,2020/9/6,2021/9/6,3.6,1
TF2103.CFE,2021/3/17,180028.IB,4.723287671,2020/12/6,2021/12/6,3.22,1
TF2103.CFE,2021/3/17,2000001.IB,4.257534247,2020/6/19,2021/6/19,2.41,1
TF2103.CFE,2021/3/17,200005.IB,4.063013699,2020/4/9,2021/4/9,1.99,1
TF2106.CFE,2021/6/17,180020.IB,4.221917808,2020/9/6,2021/9/6,3.6,1
TF2106.CFE,2021/6/17,180028.IB,4.471232877,2020/12/6,2021/12/6,3.22,1
