date_id,T_name,T_irret,TF_name,TF_irret,FutYHret,X10_5
2015/8/18,T1512.CFE,0.035733333,TF1512.CFE,0.033966667,17.67,26.92
2015/8/19,T1512.CFE,0.035833333,TF1512.CFE,0.034266667,15.67,28.14
2015/8/20,T1512.CFE,0.035733333,TF1512.CFE,0.033966667,17.67,28.56
2015/8/21,T1512.CFE,0.0356,TF1512.CFE,0.033766667,18.33,24.07
2015/8/24,T1512.CFE,0.035366667,TF1512.CFE,0.033233333,21.33,27.11
2015/8/25,T1512.CFE,0.0353,TF1512.CFE,0.0332,21,26.58
2015/8/26,T1512.CFE,0.035066667,TF1512.CFE,0.032733333,23.33,26.68
2015/8/27,T1512.CFE,0.034566667,TF1512.CFE,0.032066667,25,25.11
2015/8/28,T1512.CFE,0.034666667,TF1512.CFE,0.032266667,24,25.16
2015/8/31,T1512.CFE,0.034066667,TF1512.CFE,0.0317,23.67,23.96
2015/9/1,T1512.CFE,0.033866667,TF1512.CFE,0.031666667,22,13.87
2015/9/2,T1512.CFE,0.034266667,TF1512.CFE,0.0322,20.67,20.62
2015/9/7,T1512.CFE,0.034466667,TF1512.CFE,0.032566667,19,15.37
2015/9/8,T1512.CFE,0.034566667,TF1512.CFE,0.033,15.67,19.26
2015/9/9,T1512.CFE,0.034666667,TF1512.CFE,0.0331,15.67,19.53
2015/9/10,T1512.CFE,0.034533333,TF1512.CFE,0.0328,17.33,19.75
2015/9/11,T1512.CFE,0.034666667,TF1512.CFE,0.033,16.67,17.49
2015/9/14,T1512.CFE,0.034466667,TF1512.CFE,0.032766667,17,14.69
2015/9/15,T1512.CFE,0.034233333,TF1512.CFE,0.0324,18.33,16.68
2015/9/16,T1512.CFE,0.034366667,TF1512.CFE,0.0327,16.67,13.84
2015/9/17,T1512.CFE,0.034666667,TF1512.CFE,0.0331,15.67,15.99
2015/9/18,T1512.CFE,0.034466667,TF1512.CFE,0.032833333,16.33,17.4
2015/9/21,T1512.CFE,0.034466667,TF1512.CFE,0.032833333,16.33,16.02
2015/9/22,T1512.CFE,0.034733333,TF1512.CFE,0.0332,15.33,17.74
2015/9/23,T1512.CFE,0.034566667,TF1512.CFE,0.033,15.67,17.85
2015/9/24,T1512.CFE,0.034466667,TF1512.CFE,0.0328,16.67,18
2015/9/25,T1512.CFE,0.0342,TF1512.CFE,0.0325,17,17.6
2015/9/28,T1512.CFE,0.033833333,TF1512.CFE,0.0322,16.33,17.69
2015/9/29,T1512.CFE,0.0334,TF1512.CFE,0.0319,15,18.23
2015/9/30,T1512.CFE,0.0334,TF1512.CFE,0.0319,15,17.96
2015/10/8,T1512.CFE,0.033433333,TF1512.CFE,0.032,14.33,17
2015/10/9,T1512.CFE,0.0325,TF1512.CFE,0.0305,20,18.4
2015/10/12,T1512.CFE,0.032266667,TF1512.CFE,0.0301,21.67,18.18
2015/10/13,T1512.CFE,0.031766667,TF1512.CFE,0.0296,21.67,17.47
2015/10/14,T1512.CFE,0.031633333,TF1512.CFE,0.029566667,20.67,4.06
2015/10/15,T1512.CFE,0.031833333,TF1512.CFE,0.0299,19.33,13.22
2015/10/16,T1512.CFE,0.032366667,TF1512.CFE,0.0308,15.67,14.56
2015/10/19,T1512.CFE,0.0323,TF1512.CFE,0.0307,16,10.36
2015/10/20,T1512.CFE,0.031266667,TF1512.CFE,0.0295,17.67,13.4
2015/10/21,T1512.CFE,0.031333333,TF1512.CFE,0.0298,15.33,10.77
2015/10/22,T1512.CFE,0.031033333,TF1512.CFE,0.0296,14.33,15.69
2015/10/23,T1512.CFE,0.030966667,TF1512.CFE,0.0293,16.67,14.36
2015/10/26,T1512.CFE,0.030966667,TF1512.CFE,0.029366667,16,15.26
2015/10/27,T1512.CFE,0.0303,TF1512.CFE,0.0285,18,14.98
2015/10/28,T1512.CFE,0.0307,TF1512.CFE,0.0293,14,18.24
2015/10/29,T1512.CFE,0.031466667,TF1512.CFE,0.0302,12.67,15.61
2015/10/30,T1512.CFE,0.031433333,TF1512.CFE,0.030166667,12.67,16.22
2015/11/2,T1512.CFE,0.031433333,TF1512.CFE,0.030166667,12.67,11.91
2015/11/3,T1512.CFE,0.031666667,TF1512.CFE,0.0305,11.67,16.96
2015/11/4,T1512.CFE,0.0321,TF1512.CFE,0.0309,12,15.8
2015/11/5,T1512.CFE,0.031733333,TF1512.CFE,0.0304,13.33,20
2015/11/6,T1512.CFE,0.032166667,TF1512.CFE,0.0308,13.67,18.13
2015/11/9,T1512.CFE,0.033233333,TF1512.CFE,0.031933333,13,13.53
2015/11/10,T1512.CFE,0.033,TF1512.CFE,0.0315,15,16.99
2015/11/11,T1512.CFE,0.0324,TF1512.CFE,0.0309,15,15.06
2015/11/12,T1512.CFE,0.0324,TF1512.CFE,0.0308,16,14.62
2015/11/13,T1512.CFE,0.0325,TF1512.CFE,0.031,15,16.71
2015/11/16,T1512.CFE,0.0322,TF1512.CFE,0.0308,14,16.14
2015/11/17,T1512.CFE,0.031966667,TF1512.CFE,0.0306,13.67,15.61
2015/11/18,T1603.CFE,0.032833333,TF1603.CFE,0.0315,13.33,14.72
2015/11/19,T1603.CFE,0.0328,TF1603.CFE,0.0313,15,16.05
2015/11/20,T1603.CFE,0.032233333,TF1603.CFE,0.030733333,15,15.69
2015/11/23,T1603.CFE,0.0325,TF1603.CFE,0.030966667,15.33,14.46
2015/11/24,T1603.CFE,0.0319,TF1603.CFE,0.030366667,15.33,13.08
2015/11/25,T1603.CFE,0.031766667,TF1603.CFE,0.030266667,15,14.93
2015/11/26,T1603.CFE,0.031333333,TF1603.CFE,0.0298,15.33,11.3
2015/11/27,T1603.CFE,0.031633333,TF1603.CFE,0.030166667,14.67,16.56
2015/11/30,T1603.CFE,0.031166667,TF1603.CFE,0.029566667,16,15.85
2015/12/1,T1603.CFE,0.031533333,TF1603.CFE,0.030066667,14.67,13.34
2015/12/2,T1603.CFE,0.031433333,TF1603.CFE,0.029933333,15,17.62
2015/12/3,T1603.CFE,0.031233333,TF1603.CFE,0.0297,15.33,11.17
2015/12/4,T1603.CFE,0.031366667,TF1603.CFE,0.029866667,15,10.77
2015/12/7,T1603.CFE,0.031333333,TF1603.CFE,0.0297,16.33,18.18
2015/12/8,T1603.CFE,0.031033333,TF1603.CFE,0.0295,15.33,12.01
2015/12/9,T1603.CFE,0.031,TF1603.CFE,0.029433333,15.67,14.76
2015/12/10,T1603.CFE,0.031133333,TF1603.CFE,0.029566667,15.67,18.1
2015/12/11,T1603.CFE,0.030866667,TF1603.CFE,0.029266667,16,17.64
2015/12/14,T1603.CFE,0.031366667,TF1603.CFE,0.0298,15.67,18.02
2015/12/15,T1603.CFE,0.031133333,TF1603.CFE,0.0295,16.33,18.72
2015/12/16,T1603.CFE,0.031033333,TF1603.CFE,0.029366667,16.67,16.35
2015/12/17,T1603.CFE,0.031033333,TF1603.CFE,0.0294,16.33,13.5
2015/12/18,T1603.CFE,0.030533333,TF1603.CFE,0.028466667,20.67,13.43
2015/12/21,T1603.CFE,0.0302,TF1603.CFE,0.027966667,22.33,5.6
2015/12/22,T1603.CFE,0.030166667,TF1603.CFE,0.028066667,21,17.97
2015/12/23,T1603.CFE,0.03,TF1603.CFE,0.0279,21,18.54
2015/12/24,T1603.CFE,0.0296,TF1603.CFE,0.027566667,20.33,15.41
2015/12/25,T1603.CFE,0.0296,TF1603.CFE,0.027833333,17.67,15.21
2015/12/28,T1603.CFE,0.0293,TF1603.CFE,0.027566667,17.33,15.4
2015/12/29,T1603.CFE,0.0296,TF1603.CFE,0.027866667,17.33,13.94
2015/12/30,T1603.CFE,0.0297,TF1603.CFE,0.0279,18,14.18
2015/12/31,T1603.CFE,0.0299,TF1603.CFE,0.0282,17,15.91
2016/1/4,T1603.CFE,0.0301,TF1603.CFE,0.028433333,16.67,14.21
2016/1/5,T1603.CFE,0.0304,TF1603.CFE,0.029,14,12.81
2016/1/6,T1603.CFE,0.03,TF1603.CFE,0.0284,16,15.51
2016/1/7,T1603.CFE,0.0302,TF1603.CFE,0.028566667,16.33,10.27
2016/1/8,T1603.CFE,0.029633333,TF1603.CFE,0.028,16.33,8.84
2016/1/11,T1603.CFE,0.0296,TF1603.CFE,0.027966667,16.33,8.26
2016/1/12,T1603.CFE,0.029,TF1603.CFE,0.027466667,15.33,6.47
2016/1/13,T1603.CFE,0.028733333,TF1603.CFE,0.027166667,15.67,5.5
2016/1/14,T1603.CFE,0.0293,TF1603.CFE,0.027666667,16.33,9.2
2016/1/15,T1603.CFE,0.029,TF1603.CFE,0.027333333,16.67,10.98
2016/1/18,T1603.CFE,0.0296,TF1603.CFE,0.027966667,16.33,17.22
2016/1/19,T1603.CFE,0.029733333,TF1603.CFE,0.028066667,16.67,14.11
2016/1/20,T1603.CFE,0.0297,TF1603.CFE,0.028,17,12.11
2016/1/21,T1603.CFE,0.0294,TF1603.CFE,0.027733333,16.67,9.44
2016/1/22,T1603.CFE,0.0294,TF1603.CFE,0.0278,16,15.67
2016/1/25,T1603.CFE,0.030166667,TF1603.CFE,0.028666667,15,15.93
2016/1/26,T1603.CFE,0.0301,TF1603.CFE,0.028566667,15.33,14.49
2016/1/27,T1603.CFE,0.0304,TF1603.CFE,0.028833333,15.67,18.39
2016/1/28,T1603.CFE,0.030033333,TF1603.CFE,0.0285,15.33,16.95
2016/1/29,T1603.CFE,0.029433333,TF1603.CFE,0.027966667,14.67,12.51
2016/2/1,T1603.CFE,0.0295,TF1603.CFE,0.028066667,14.33,15.51
2016/2/2,T1603.CFE,0.0301,TF1603.CFE,0.0286,15,15.6
2016/2/3,T1603.CFE,0.0299,TF1603.CFE,0.028466667,14.33,14.04
2016/2/4,T1603.CFE,0.0296,TF1603.CFE,0.028133333,14.67,14.04
2016/2/5,T1606.CFE,0.030333333,TF1606.CFE,0.0289,14.33,13.72
2016/2/15,T1606.CFE,0.0298,TF1606.CFE,0.028266667,15.33,16
2016/2/16,T1606.CFE,0.0302,TF1606.CFE,0.028733333,14.67,19.17
2016/2/17,T1606.CFE,0.0302,TF1606.CFE,0.0288,14,19.39
2016/2/18,T1606.CFE,0.0301,TF1606.CFE,0.028633333,14.67,17.07
2016/2/19,T1606.CFE,0.0302,TF1606.CFE,0.028733333,14.67,19.34
2016/2/22,T1606.CFE,0.030366667,TF1606.CFE,0.028933333,14.33,17.11
2016/2/23,T1606.CFE,0.0304,TF1606.CFE,0.029,14,20.67
2016/2/24,T1606.CFE,0.0305,TF1606.CFE,0.028966667,15.33,20.31
2016/2/25,T1606.CFE,0.0307,TF1606.CFE,0.0292,15,18.86
2016/2/26,T1606.CFE,0.030733333,TF1606.CFE,0.029033333,17,22.99
2016/2/29,T1606.CFE,0.0307,TF1606.CFE,0.028833333,18.67,19.68
2016/3/1,T1606.CFE,0.0308,TF1606.CFE,0.028633333,21.67,21.92
2016/3/2,T1606.CFE,0.031033333,TF1606.CFE,0.028933333,21,25.75
2016/3/3,T1606.CFE,0.031233333,TF1606.CFE,0.0294,18.33,25.63
2016/3/4,T1606.CFE,0.031133333,TF1606.CFE,0.0291,20.33,25.54
2016/3/7,T1606.CFE,0.031566667,TF1606.CFE,0.0297,18.67,26.65
2016/3/8,T1606.CFE,0.031433333,TF1606.CFE,0.0295,19.33,29.77
2016/3/9,T1606.CFE,0.031033333,TF1606.CFE,0.028833333,22,25.63
2016/3/10,T1606.CFE,0.0308,TF1606.CFE,0.0286,22,25.39
2016/3/11,T1606.CFE,0.0304,TF1606.CFE,0.028233333,21.67,27.54
2016/3/14,T1606.CFE,0.0305,TF1606.CFE,0.028233333,22.67,28.64
2016/3/15,T1606.CFE,0.030366667,TF1606.CFE,0.028266667,21,28.63
2016/3/16,T1606.CFE,0.0301,TF1606.CFE,0.027966667,21.33,26.56
2016/3/17,T1606.CFE,0.0303,TF1606.CFE,0.0283,20,29.59
2016/3/18,T1606.CFE,0.0304,TF1606.CFE,0.028266667,21.33,27.73
2016/3/21,T1606.CFE,0.0306,TF1606.CFE,0.0287,19,27.17
2016/3/22,T1606.CFE,0.030433333,TF1606.CFE,0.028433333,20,29.76
2016/3/23,T1606.CFE,0.0304,TF1606.CFE,0.028366667,20.33,29.22
2016/3/24,T1606.CFE,0.0302,TF1606.CFE,0.028066667,21.33,30.84
2016/3/25,T1606.CFE,0.0302,TF1606.CFE,0.028033333,21.67,34.45
2016/3/28,T1606.CFE,0.0304,TF1606.CFE,0.028133333,22.67,37.75
2016/3/29,T1606.CFE,0.0302,TF1606.CFE,0.0274,28,37.49
2016/3/30,T1606.CFE,0.0302,TF1606.CFE,0.0272,30,36.35
2016/3/31,T1606.CFE,0.0302,TF1606.CFE,0.027433333,27.67,38.54
2016/4/1,T1606.CFE,0.030133333,TF1606.CFE,0.027166667,29.67,37.61
2016/4/5,T1606.CFE,0.0304,TF1606.CFE,0.027733333,26.67,36.76
2016/4/6,T1606.CFE,0.0305,TF1606.CFE,0.027733333,27.67,38.35
2016/4/7,T1606.CFE,0.030633333,TF1606.CFE,0.027833333,28,39.45
2016/4/8,T1606.CFE,0.0303,TF1606.CFE,0.027333333,29.67,42.73
2016/4/11,T1606.CFE,0.0303,TF1606.CFE,0.027266667,30.33,40.08
2016/4/12,T1606.CFE,0.0303,TF1606.CFE,0.027466667,28.33,40.16
2016/4/13,T1606.CFE,0.030533333,TF1606.CFE,0.028066667,24.67,35.43
2016/4/14,T1606.CFE,0.0309,TF1606.CFE,0.0289,20,34.79
2016/4/15,T1606.CFE,0.0306,TF1606.CFE,0.028266667,23.33,29.18
2016/4/18,T1606.CFE,0.0306,TF1606.CFE,0.028233333,23.67,25.76
2016/4/19,T1606.CFE,0.0305,TF1606.CFE,0.028066667,24.33,25.82
2016/4/20,T1606.CFE,0.0308,TF1606.CFE,0.028633333,21.67,23.09
2016/4/21,T1606.CFE,0.0309,TF1606.CFE,0.028733333,21.67,23.54
2016/4/22,T1606.CFE,0.030733333,TF1606.CFE,0.0284,23.33,22.51
2016/4/25,T1606.CFE,0.0311,TF1606.CFE,0.029,21,19.37
2016/4/26,T1606.CFE,0.030766667,TF1606.CFE,0.028466667,23,13.94
2016/4/27,T1606.CFE,0.0308,TF1606.CFE,0.028633333,21.67,17.66
2016/4/28,T1606.CFE,0.0305,TF1606.CFE,0.028233333,22.67,14.98
2016/4/29,T1606.CFE,0.0306,TF1606.CFE,0.028433333,21.67,14.97
2016/5/3,T1606.CFE,0.0303,TF1606.CFE,0.027833333,24.67,17.68
2016/5/4,T1606.CFE,0.0302,TF1606.CFE,0.0277,25,17.13
2016/5/5,T1609.CFE,0.031933333,TF1609.CFE,0.03,19.33,17.37
2016/5/6,T1609.CFE,0.031866667,TF1609.CFE,0.030033333,18.33,17.82
2016/5/9,T1609.CFE,0.031066667,TF1609.CFE,0.0293,17.67,23.07
2016/5/10,T1609.CFE,0.031,TF1609.CFE,0.0292,18,22.15
2016/5/11,T1609.CFE,0.031,TF1609.CFE,0.0292,18,20.54
2016/5/12,T1609.CFE,0.030633333,TF1609.CFE,0.0289,17.33,20.18
2016/5/13,T1609.CFE,0.030833333,TF1609.CFE,0.029166667,16.67,20.43
2016/5/16,T1609.CFE,0.031166667,TF1609.CFE,0.029366667,18,20.79
2016/5/17,T1609.CFE,0.0312,TF1609.CFE,0.029366667,18.33,21.65
2016/5/18,T1609.CFE,0.031466667,TF1609.CFE,0.029766667,17,21.62
2016/5/19,T1609.CFE,0.031433333,TF1609.CFE,0.0297,17.33,18.36
2016/5/20,T1609.CFE,0.0311,TF1609.CFE,0.0294,17,19.74
2016/5/23,T1609.CFE,0.031133333,TF1609.CFE,0.029466667,16.67,19.35
2016/5/24,T1609.CFE,0.0309,TF1609.CFE,0.0291,18,20.2
2016/5/25,T1609.CFE,0.0309,TF1609.CFE,0.0291,18,19.26
2016/5/26,T1609.CFE,0.031,TF1609.CFE,0.0293,17,19.71
2016/5/27,T1609.CFE,0.031133333,TF1609.CFE,0.0294,17.33,18.99
2016/5/30,T1609.CFE,0.031266667,TF1609.CFE,0.0295,17.67,19.96
2016/5/31,T1609.CFE,0.0311,TF1609.CFE,0.029266667,18.33,23.6
2016/6/1,T1609.CFE,0.0311,TF1609.CFE,0.0292,19,22.12
2016/6/2,T1609.CFE,0.0313,TF1609.CFE,0.0294,19,24.18
2016/6/3,T1609.CFE,0.031266667,TF1609.CFE,0.0293,19.67,25.15
2016/6/6,T1609.CFE,0.031133333,TF1609.CFE,0.0291,20.33,24.93
2016/6/7,T1609.CFE,0.031233333,TF1609.CFE,0.029266667,19.67,24.18
2016/6/8,T1609.CFE,0.0313,TF1609.CFE,0.0295,18,22.41
2016/6/13,T1609.CFE,0.031,TF1609.CFE,0.0291,19,21.68
2016/6/14,T1609.CFE,0.0307,TF1609.CFE,0.0288,19,17.53
2016/6/15,T1609.CFE,0.030633333,TF1609.CFE,0.028733333,19,20.12
2016/6/16,T1609.CFE,0.0303,TF1609.CFE,0.0283,20,15.08
2016/6/17,T1609.CFE,0.0303,TF1609.CFE,0.028333333,19.67,20.29
2016/6/20,T1609.CFE,0.0303,TF1609.CFE,0.0283,20,18.92
2016/6/21,T1609.CFE,0.0302,TF1609.CFE,0.0282,20,18.48
2016/6/22,T1609.CFE,0.0301,TF1609.CFE,0.028066667,20.33,18.76
2016/6/23,T1609.CFE,0.0302,TF1609.CFE,0.0282,20,18.58
2016/6/24,T1609.CFE,0.0297,TF1609.CFE,0.0277,20,19.27
2016/6/27,T1609.CFE,0.0293,TF1609.CFE,0.027266667,20.33,16.66
2016/6/28,T1609.CFE,0.0297,TF1609.CFE,0.027666667,20.33,15.32
2016/6/29,T1609.CFE,0.0299,TF1609.CFE,0.027766667,21.33,17.52
2016/6/30,T1609.CFE,0.0294,TF1609.CFE,0.0274,20,17.9
2016/7/1,T1609.CFE,0.029,TF1609.CFE,0.027,20,15.86
2016/7/4,T1609.CFE,0.029466667,TF1609.CFE,0.0274,20.67,16.47
2016/7/5,T1609.CFE,0.0296,TF1609.CFE,0.0275,21,16.48
2016/7/6,T1609.CFE,0.0292,TF1609.CFE,0.0272,20,16.14
2016/7/7,T1609.CFE,0.028966667,TF1609.CFE,0.026866667,21,16.37
2016/7/8,T1609.CFE,0.0288,TF1609.CFE,0.026766667,20.33,16.55
2016/7/11,T1609.CFE,0.0292,TF1609.CFE,0.027166667,20.33,17.41
2016/7/12,T1609.CFE,0.0294,TF1609.CFE,0.0273,21,18.34
2016/7/13,T1609.CFE,0.0296,TF1609.CFE,0.027533333,20.67,13.95
2016/7/14,T1609.CFE,0.029466667,TF1609.CFE,0.0274,20.67,15.99
2016/7/15,T1609.CFE,0.0291,TF1609.CFE,0.027033333,20.67,16.61
2016/7/18,T1609.CFE,0.0292,TF1609.CFE,0.0272,20,15.19
2016/7/19,T1609.CFE,0.029,TF1609.CFE,0.027,20,16.29
2016/7/20,T1609.CFE,0.028566667,TF1609.CFE,0.026533333,20.33,15.25
2016/7/21,T1609.CFE,0.0284,TF1609.CFE,0.026366667,20.33,14.24
2016/7/22,T1609.CFE,0.028366667,TF1609.CFE,0.026366667,20,17.99
2016/7/25,T1609.CFE,0.0287,TF1609.CFE,0.0266,21,18.55
2016/7/26,T1609.CFE,0.028366667,TF1609.CFE,0.026266667,21,20.74
2016/7/27,T1609.CFE,0.0285,TF1609.CFE,0.026366667,21.33,20.44
2016/7/28,T1609.CFE,0.0281,TF1609.CFE,0.026066667,20.33,21
2016/7/29,T1609.CFE,0.0282,TF1609.CFE,0.026166667,20.33,18.66
2016/8/1,T1609.CFE,0.0284,TF1609.CFE,0.026266667,21.33,19.42
2016/8/2,T1609.CFE,0.028166667,TF1609.CFE,0.026066667,21,20.07
2016/8/3,T1609.CFE,0.0281,TF1609.CFE,0.025966667,21.33,18.54
2016/8/4,T1609.CFE,0.028,TF1609.CFE,0.025866667,21.33,19.79
2016/8/5,T1609.CFE,0.027566667,TF1609.CFE,0.025566667,20,18.82
2016/8/8,T1609.CFE,0.0276,TF1609.CFE,0.025566667,20.33,18.5
2016/8/9,T1609.CFE,0.027333333,TF1609.CFE,0.025366667,19.67,19.88
2016/8/10,T1609.CFE,0.027166667,TF1609.CFE,0.025266667,19,18.52
2016/8/11,T1612.CFE,0.0278,TF1612.CFE,0.025866667,19.33,20.13
2016/8/12,T1612.CFE,0.0274,TF1612.CFE,0.0255,19,19.43
2016/8/15,T1612.CFE,0.027233333,TF1612.CFE,0.025333333,19,18.09
2016/8/16,T1612.CFE,0.027466667,TF1612.CFE,0.025466667,20,17.29
2016/8/17,T1612.CFE,0.027633333,TF1612.CFE,0.0255,21.33,19.14
2016/8/18,T1612.CFE,0.0276,TF1612.CFE,0.025566667,20.33,15.88
2016/8/19,T1612.CFE,0.028066667,TF1612.CFE,0.026066667,20,18.34
2016/8/22,T1612.CFE,0.027766667,TF1612.CFE,0.025866667,19,19.09
2016/8/23,T1612.CFE,0.0284,TF1612.CFE,0.026366667,20.33,18.29
2016/8/24,T1612.CFE,0.0285,TF1612.CFE,0.026466667,20.33,18.04
2016/8/25,T1612.CFE,0.0285,TF1612.CFE,0.026466667,20.33,18.55
2016/8/26,T1612.CFE,0.0281,TF1612.CFE,0.026066667,20.33,14.79
2016/8/29,T1612.CFE,0.0284,TF1612.CFE,0.026233333,21.67,16.58
2016/8/30,T1612.CFE,0.0289,TF1612.CFE,0.0267,22,17.66
2016/8/31,T1612.CFE,0.0288,TF1612.CFE,0.0266,22,18.78
2016/9/1,T1612.CFE,0.0287,TF1612.CFE,0.0265,22,17.54
2016/9/2,T1612.CFE,0.0288,TF1612.CFE,0.0266,22,18.15
2016/9/5,T1612.CFE,0.0288,TF1612.CFE,0.0266,22,17.57
2016/9/6,T1612.CFE,0.029,TF1612.CFE,0.0267,23,17.91
2016/9/7,T1612.CFE,0.0291,TF1612.CFE,0.0268,23,17.86
2016/9/8,T1612.CFE,0.028766667,TF1612.CFE,0.0265,22.67,19.77
2016/9/9,T1612.CFE,0.028466667,TF1612.CFE,0.026266667,22,19.76
2016/9/12,T1612.CFE,0.0289,TF1612.CFE,0.026666667,22.33,20.85
2016/9/13,T1612.CFE,0.0285,TF1612.CFE,0.0263,22,18.01
2016/9/14,T1612.CFE,0.0284,TF1612.CFE,0.0263,21,15.85
2016/9/19,T1612.CFE,0.0283,TF1612.CFE,0.026233333,20.67,17.34
2016/9/20,T1612.CFE,0.028233333,TF1612.CFE,0.026166667,20.67,17.79
2016/9/21,T1612.CFE,0.028266667,TF1612.CFE,0.0262,20.67,15.74
2016/9/22,T1612.CFE,0.0283,TF1612.CFE,0.026166667,21.33,17.43
2016/9/23,T1612.CFE,0.028133333,TF1612.CFE,0.026,21.33,16.56
2016/9/26,T1612.CFE,0.027933333,TF1612.CFE,0.025866667,20.67,15.93
2016/9/27,T1612.CFE,0.028,TF1612.CFE,0.025866667,21.33,15.84
2016/9/28,T1612.CFE,0.028,TF1612.CFE,0.0258,22,15.93
2016/9/29,T1612.CFE,0.028066667,TF1612.CFE,0.0258,22.67,15.85
2016/9/30,T1612.CFE,0.028,TF1612.CFE,0.025766667,22.33,15.76
2016/10/10,T1612.CFE,0.027466667,TF1612.CFE,0.0253,21.67,20.03
2016/10/11,T1612.CFE,0.0276,TF1612.CFE,0.0254,22,18.83
2016/10/12,T1612.CFE,0.027866667,TF1612.CFE,0.0256,22.67,14.54
2016/10/13,T1612.CFE,0.027666667,TF1612.CFE,0.025366667,23,18.64
2016/10/14,T1612.CFE,0.027533333,TF1612.CFE,0.0253,22.33,20.24
2016/10/17,T1612.CFE,0.0275,TF1612.CFE,0.025166667,23.33,21.78
2016/10/18,T1612.CFE,0.027566667,TF1612.CFE,0.025166667,24,21.7
2016/10/19,T1612.CFE,0.027233333,TF1612.CFE,0.024866667,23.67,23.34
2016/10/20,T1612.CFE,0.026866667,TF1612.CFE,0.024566667,23,21.83
2016/10/21,T1612.CFE,0.026766667,TF1612.CFE,0.024466667,23,21.46
2016/10/24,T1612.CFE,0.027233333,TF1612.CFE,0.0249,23.33,21.77
2016/10/25,T1612.CFE,0.0275,TF1612.CFE,0.0252,23,25.46
2016/10/26,T1612.CFE,0.027966667,TF1612.CFE,0.0257,22.67,23.65
2016/10/27,T1612.CFE,0.027466667,TF1612.CFE,0.025166667,23,26.68
2016/10/28,T1612.CFE,0.027433333,TF1612.CFE,0.0251,23.33,26.57
2016/10/31,T1612.CFE,0.027866667,TF1612.CFE,0.025566667,23,26.4
2016/11/1,T1612.CFE,0.027766667,TF1612.CFE,0.025433333,23.33,31.74
2016/11/2,T1612.CFE,0.027766667,TF1612.CFE,0.0253,24.67,28.8
2016/11/3,T1612.CFE,0.027466667,TF1612.CFE,0.025066667,24,27.8
2016/11/4,T1612.CFE,0.027433333,TF1612.CFE,0.025033333,24,27.3
2016/11/7,T1612.CFE,0.027833333,TF1612.CFE,0.025366667,24.67,28.29
2016/11/8,T1612.CFE,0.027966667,TF1612.CFE,0.0254,25.67,28.93
2016/11/9,T1612.CFE,0.027966667,TF1612.CFE,0.0255,24.67,26.84
2016/11/10,T1703.CFE,0.0298,TF1703.CFE,0.027233333,25.67,29.59
2016/11/11,T1703.CFE,0.030166667,TF1703.CFE,0.027633333,25.33,29.11
2016/11/14,T1703.CFE,0.0304,TF1703.CFE,0.027933333,24.67,25.96
2016/11/15,T1703.CFE,0.0303,TF1703.CFE,0.027933333,23.67,26.39
2016/11/16,T1703.CFE,0.0304,TF1703.CFE,0.0282,22,22.99
2016/11/17,T1703.CFE,0.030533333,TF1703.CFE,0.028533333,20,21.29
2016/11/18,T1703.CFE,0.0306,TF1703.CFE,0.028766667,18.33,22.84
2016/11/21,T1703.CFE,0.030533333,TF1703.CFE,0.028766667,17.67,21.89
2016/11/22,T1703.CFE,0.0306,TF1703.CFE,0.028866667,17.33,18.85
2016/11/23,T1703.CFE,0.0302,TF1703.CFE,0.0282,20,21.31
2016/11/24,T1703.CFE,0.030333333,TF1703.CFE,0.028233333,21,19.48
2016/11/25,T1703.CFE,0.0305,TF1703.CFE,0.028433333,20.67,19.99
2016/11/28,T1703.CFE,0.0304,TF1703.CFE,0.028333333,20.67,20.46
2016/11/29,T1703.CFE,0.0312,TF1703.CFE,0.029366667,18.33,20.33
2016/11/30,T1703.CFE,0.031433333,TF1703.CFE,0.0296,18.33,24.94
2016/12/1,T1703.CFE,0.0322,TF1703.CFE,0.0305,17,21.69
2016/12/2,T1703.CFE,0.032133333,TF1703.CFE,0.0306,15.33,22.47
2016/12/5,T1703.CFE,0.032333333,TF1703.CFE,0.0308,15.33,24.95
2016/12/6,T1703.CFE,0.032933333,TF1703.CFE,0.031433333,15,18.55
2016/12/7,T1703.CFE,0.0328,TF1703.CFE,0.031133333,16.67,18.2
2016/12/8,T1703.CFE,0.032733333,TF1703.CFE,0.031166667,15.67,19.05
2016/12/9,T1703.CFE,0.0328,TF1703.CFE,0.031133333,16.67,19.14
2016/12/12,T1703.CFE,0.033833333,TF1703.CFE,0.031966667,18.67,25.51
2016/12/13,T1703.CFE,0.034233333,TF1703.CFE,0.0325,17.33,21.72
2016/12/14,T1703.CFE,0.034533333,TF1703.CFE,0.032766667,17.67,24.01
2016/12/15,T1703.CFE,0.036666667,TF1703.CFE,0.035133333,15.33,22.72
2016/12/16,T1703.CFE,0.035233333,TF1703.CFE,0.0335,17.33,18.46
2016/12/19,T1703.CFE,0.036666667,TF1703.CFE,0.035,16.67,22.77
2016/12/20,T1703.CFE,0.036466667,TF1703.CFE,0.034866667,16,19.02
2016/12/21,T1703.CFE,0.034666667,TF1703.CFE,0.032733333,19.33,13.7
2016/12/22,T1703.CFE,0.033833333,TF1703.CFE,0.032,18.33,13.22
2016/12/23,T1703.CFE,0.034133333,TF1703.CFE,0.0324,17.33,14.82
2016/12/26,T1703.CFE,0.034133333,TF1703.CFE,0.032333333,18,20.73
2016/12/27,T1703.CFE,0.034633333,TF1703.CFE,0.032833333,18,20.06
2016/12/28,T1703.CFE,0.034233333,TF1703.CFE,0.032333333,19,21.79
2016/12/29,T1703.CFE,0.032933333,TF1703.CFE,0.0311,18.33,14.14
2016/12/30,T1703.CFE,0.033233333,TF1703.CFE,0.031433333,18,13.07
2017/1/3,T1703.CFE,0.033233333,TF1703.CFE,0.031366667,18.67,19.03
2017/1/4,T1703.CFE,0.033433333,TF1703.CFE,0.031533333,19,24.21
2017/1/5,T1703.CFE,0.033333333,TF1703.CFE,0.031233333,21,25.26
2017/1/6,T1703.CFE,0.033433333,TF1703.CFE,0.0313,21.33,26.64
2017/1/9,T1703.CFE,0.032933333,TF1703.CFE,0.0309,20.33,22.84
2017/1/10,T1703.CFE,0.032933333,TF1703.CFE,0.031,19.33,22.24
2017/1/11,T1703.CFE,0.0333,TF1703.CFE,0.0313,20,27.53
2017/1/12,T1703.CFE,0.033,TF1703.CFE,0.030833333,21.67,22.29
2017/1/13,T1703.CFE,0.033033333,TF1703.CFE,0.030833333,22,24.44
2017/1/16,T1703.CFE,0.033733333,TF1703.CFE,0.031733333,20,27.07
2017/1/17,T1703.CFE,0.034133333,TF1703.CFE,0.032,21.33,24.82
2017/1/18,T1703.CFE,0.034033333,TF1703.CFE,0.031933333,21,27.92
2017/1/19,T1703.CFE,0.033733333,TF1703.CFE,0.0314,23.33,28.03
2017/1/20,T1703.CFE,0.033333333,TF1703.CFE,0.031,23.33,25.56
2017/1/23,T1703.CFE,0.033533333,TF1703.CFE,0.0312,23.33,28.3
2017/1/24,T1706.CFE,0.035766667,TF1706.CFE,0.0335,22.67,32.12
2017/1/25,T1706.CFE,0.036866667,TF1706.CFE,0.0345,23.67,34.79
2017/1/26,T1706.CFE,0.037166667,TF1706.CFE,0.0347,24.67,32.19
2017/2/3,T1706.CFE,0.038366667,TF1706.CFE,0.0357,26.67,36.91
2017/2/6,T1706.CFE,0.038266667,TF1706.CFE,0.035633333,26.33,37.22
2017/2/7,T1706.CFE,0.037966667,TF1706.CFE,0.0353,26.67,34.35
2017/2/8,T1706.CFE,0.0376,TF1706.CFE,0.0349,27,33.72
2017/2/9,T1706.CFE,0.036766667,TF1706.CFE,0.0341,26.67,32.75
2017/2/10,T1706.CFE,0.037066667,TF1706.CFE,0.0343,27.67,38.76
2017/2/13,T1706.CFE,0.036566667,TF1706.CFE,0.0338,27.67,34.39
2017/2/14,T1706.CFE,0.036966667,TF1706.CFE,0.0342,27.67,38.7
2017/2/15,T1706.CFE,0.037066667,TF1706.CFE,0.0341,29.67,36.4
2017/2/16,T1706.CFE,0.036433333,TF1706.CFE,0.033433333,30,32.18
2017/2/17,T1706.CFE,0.036066667,TF1706.CFE,0.0333,27.67,31.4
2017/2/20,T1706.CFE,0.035466667,TF1706.CFE,0.032633333,28.33,29.41
2017/2/21,T1706.CFE,0.036066667,TF1706.CFE,0.0332,28.67,27.64
2017/2/22,T1706.CFE,0.035466667,TF1706.CFE,0.032633333,28.33,30.31
2017/2/23,T1706.CFE,0.035366667,TF1706.CFE,0.032566667,28,28.28
2017/2/24,T1706.CFE,0.035266667,TF1706.CFE,0.032533333,27.33,29.15
2017/2/27,T1706.CFE,0.035433333,TF1706.CFE,0.0327,27.33,29.55
2017/2/28,T1706.CFE,0.035266667,TF1706.CFE,0.032433333,28.33,29.04
2017/3/1,T1706.CFE,0.035966667,TF1706.CFE,0.033133333,28.33,30.37
2017/3/2,T1706.CFE,0.0361,TF1706.CFE,0.0333,28,32.31
2017/3/3,T1706.CFE,0.036166667,TF1706.CFE,0.0334,27.67,31.27
2017/3/6,T1706.CFE,0.036266667,TF1706.CFE,0.0335,27.67,32.89
2017/3/7,T1706.CFE,0.036066667,TF1706.CFE,0.0333,27.67,32.04
2017/3/8,T1706.CFE,0.036566667,TF1706.CFE,0.0339,26.67,34.32
2017/3/9,T1706.CFE,0.036766667,TF1706.CFE,0.0342,25.67,28.45
2017/3/10,T1706.CFE,0.036666667,TF1706.CFE,0.0342,24.67,29.62
2017/3/13,T1706.CFE,0.035866667,TF1706.CFE,0.0335,23.67,28.85
2017/3/14,T1706.CFE,0.035566667,TF1706.CFE,0.0332,23.67,24.94
2017/3/15,T1706.CFE,0.035433333,TF1706.CFE,0.033066667,23.67,25.43
2017/3/16,T1706.CFE,0.034566667,TF1706.CFE,0.032433333,21.33,20.39
2017/3/17,T1706.CFE,0.034466667,TF1706.CFE,0.032433333,20.33,22.31
2017/3/20,T1706.CFE,0.034466667,TF1706.CFE,0.0325,19.67,20.77
2017/3/21,T1706.CFE,0.034366667,TF1706.CFE,0.032433333,19.33,20.52
2017/3/22,T1706.CFE,0.034266667,TF1706.CFE,0.032533333,17.33,17.45
2017/3/23,T1706.CFE,0.034133333,TF1706.CFE,0.032333333,18,19.62
2017/3/24,T1706.CFE,0.033266667,TF1706.CFE,0.031533333,17.33,15.54
2017/3/27,T1706.CFE,0.0333,TF1706.CFE,0.031433333,18.67,16.23
2017/3/28,T1706.CFE,0.033766667,TF1706.CFE,0.031733333,20.33,17.18
2017/3/29,T1706.CFE,0.0336,TF1706.CFE,0.031633333,19.67,19.74
2017/3/30,T1706.CFE,0.033966667,TF1706.CFE,0.0319,20.67,19.29
2017/3/31,T1706.CFE,0.033866667,TF1706.CFE,0.031733333,21.33,19.77
2017/4/5,T1706.CFE,0.034266667,TF1706.CFE,0.032033333,22.33,21.14
2017/4/6,T1706.CFE,0.034066667,TF1706.CFE,0.031933333,21.33,21.79
2017/4/7,T1706.CFE,0.0336,TF1706.CFE,0.031666667,19.33,18.46
2017/4/10,T1706.CFE,0.033866667,TF1706.CFE,0.031933333,19.33,21.24
2017/4/11,T1706.CFE,0.033766667,TF1706.CFE,0.031866667,19,21.54
2017/4/12,T1706.CFE,0.033966667,TF1706.CFE,0.032166667,18,18.84
2017/4/13,T1706.CFE,0.033933333,TF1706.CFE,0.032233333,17,16.87
2017/4/14,T1706.CFE,0.0342,TF1706.CFE,0.032466667,17.33,20.61
2017/4/17,T1706.CFE,0.034833333,TF1706.CFE,0.033133333,17,17.5
2017/4/18,T1706.CFE,0.034766667,TF1706.CFE,0.0331,16.67,12.99
2017/4/19,T1706.CFE,0.0347,TF1706.CFE,0.033,17,14.9
2017/4/20,T1706.CFE,0.034666667,TF1706.CFE,0.0329,17.67,15.02
2017/4/21,T1706.CFE,0.035166667,TF1706.CFE,0.033433333,17.33,14.84
2017/4/24,T1706.CFE,0.035766667,TF1706.CFE,0.0342,15.67,10.36
2017/4/25,T1706.CFE,0.035133333,TF1706.CFE,0.0335,16.33,13.21
2017/4/26,T1706.CFE,0.035066667,TF1706.CFE,0.033533333,15.33,12.24
2017/4/27,T1706.CFE,0.034766667,TF1706.CFE,0.0334,13.67,11.73
2017/4/28,T1706.CFE,0.035066667,TF1706.CFE,0.0338,12.67,11.75
2017/5/2,T1706.CFE,0.035266667,TF1706.CFE,0.0339,13.67,11.45
2017/5/3,T1706.CFE,0.035466667,TF1706.CFE,0.0341,13.67,7.88
2017/5/4,T1706.CFE,0.035866667,TF1706.CFE,0.0348,10.67,11.77
2017/5/5,T1706.CFE,0.036033333,TF1706.CFE,0.0351,9.33,8.39
2017/5/8,T1706.CFE,0.036366667,TF1706.CFE,0.0355,8.67,6.68
2017/5/9,T1706.CFE,0.036533333,TF1706.CFE,0.0357,8.33,10.83
2017/5/10,T1706.CFE,0.037266667,TF1706.CFE,0.036733333,5.33,7.14
2017/5/11,T1709.CFE,0.0372,TF1709.CFE,0.0359,13,-1.49
2017/5/12,T1709.CFE,0.037466667,TF1709.CFE,0.0364,10.67,-1.93
2017/5/15,T1709.CFE,0.036933333,TF1709.CFE,0.035833333,11,-2.14
2017/5/16,T1709.CFE,0.037266667,TF1709.CFE,0.0361,11.67,-3.15
2017/5/17,T1709.CFE,0.0371,TF1709.CFE,0.036166667,9.33,-4.2
2017/5/18,T1709.CFE,0.0366,TF1709.CFE,0.0358,8,-5.93
2017/5/19,T1709.CFE,0.0368,TF1709.CFE,0.0363,5,-5.37
2017/5/22,T1709.CFE,0.037366667,TF1709.CFE,0.0369,4.67,-4.24
2017/5/23,T1709.CFE,0.0374,TF1709.CFE,0.0366,8,-3.7
2017/5/24,T1709.CFE,0.0372,TF1709.CFE,0.0361,11,0.29
2017/5/25,T1709.CFE,0.0372,TF1709.CFE,0.036166667,10.33,0.88
2017/5/26,T1709.CFE,0.0372,TF1709.CFE,0.036266667,9.33,-1.49
2017/5/31,T1709.CFE,0.0367,TF1709.CFE,0.035566667,11.33,2.68
2017/6/1,T1709.CFE,0.036633333,TF1709.CFE,0.035333333,13,5.25
2017/6/2,T1709.CFE,0.0366,TF1709.CFE,0.035266667,13.33,5.15
2017/6/5,T1709.CFE,0.0362,TF1709.CFE,0.0349,13,3.31
2017/6/6,T1709.CFE,0.0365,TF1709.CFE,0.035166667,13.33,5.07
2017/6/7,T1709.CFE,0.036433333,TF1709.CFE,0.035433333,10,3.89
2017/6/8,T1709.CFE,0.0365,TF1709.CFE,0.0356,9,2.93
2017/6/9,T1709.CFE,0.0363,TF1709.CFE,0.035433333,8.67,0.27
2017/6/12,T1709.CFE,0.0358,TF1709.CFE,0.034866667,9.33,-0.2
2017/6/13,T1709.CFE,0.0358,TF1709.CFE,0.034866667,9.33,0.42
2017/6/14,T1709.CFE,0.0356,TF1709.CFE,0.034666667,9.33,0.26
2017/6/15,T1709.CFE,0.0358,TF1709.CFE,0.0347,11,1
2017/6/16,T1709.CFE,0.0358,TF1709.CFE,0.034766667,10.33,-1.06
2017/6/19,T1709.CFE,0.0351,TF1709.CFE,0.034,11,-2.98
2017/6/20,T1709.CFE,0.0352,TF1709.CFE,0.034,12,0.28
2017/6/21,T1709.CFE,0.0356,TF1709.CFE,0.0344,12,1.56
2017/6/22,T1709.CFE,0.0358,TF1709.CFE,0.034666667,11.33,1.51
2017/6/23,T1709.CFE,0.0358,TF1709.CFE,0.0346,12,-0.14
2017/6/26,T1709.CFE,0.035333333,TF1709.CFE,0.034066667,12.67,0.12
2017/6/27,T1709.CFE,0.035266667,TF1709.CFE,0.034,12.67,2.37
2017/6/28,T1709.CFE,0.035466667,TF1709.CFE,0.0341,13.67,6.88
2017/6/29,T1709.CFE,0.035666667,TF1709.CFE,0.0342,14.67,5.76
2017/6/30,T1709.CFE,0.036,TF1709.CFE,0.034566667,14.33,7.26
2017/7/3,T1709.CFE,0.0363,TF1709.CFE,0.034866667,14.33,5.79
2017/7/4,T1709.CFE,0.0363,TF1709.CFE,0.034866667,14.33,7.98
2017/7/5,T1709.CFE,0.036033333,TF1709.CFE,0.034666667,13.67,6.63
2017/7/6,T1709.CFE,0.0358,TF1709.CFE,0.0343,15,7.21
2017/7/7,T1709.CFE,0.036,TF1709.CFE,0.034366667,16.33,10.59
2017/7/10,T1709.CFE,0.036133333,TF1709.CFE,0.034666667,14.67,9.68
2017/7/11,T1709.CFE,0.036,TF1709.CFE,0.0346,14,8.28
2017/7/12,T1709.CFE,0.0359,TF1709.CFE,0.034666667,12.33,6.24
2017/7/13,T1709.CFE,0.0358,TF1709.CFE,0.034666667,11.33,4.53
2017/7/14,T1709.CFE,0.035833333,TF1709.CFE,0.034866667,9.67,5.22
2017/7/17,T1709.CFE,0.0358,TF1709.CFE,0.0349,9,7.87
2017/7/18,T1709.CFE,0.0361,TF1709.CFE,0.035333333,7.67,6.9
2017/7/19,T1709.CFE,0.0361,TF1709.CFE,0.035233333,8.67,7.2
2017/7/20,T1709.CFE,0.0359,TF1709.CFE,0.034966667,9.33,6.49
2017/7/21,T1709.CFE,0.036,TF1709.CFE,0.035133333,8.67,7.47
2017/7/24,T1709.CFE,0.0359,TF1709.CFE,0.035066667,8.33,6.79
2017/7/25,T1709.CFE,0.0361,TF1709.CFE,0.035266667,8.33,7.59
2017/7/26,T1709.CFE,0.0364,TF1709.CFE,0.035533333,8.67,7.58
2017/7/27,T1709.CFE,0.0363,TF1709.CFE,0.0355,8,6.18
2017/7/28,T1709.CFE,0.036333333,TF1709.CFE,0.035666667,6.67,5.69
2017/7/31,T1709.CFE,0.036633333,TF1709.CFE,0.036,6.33,5.98
2017/8/1,T1709.CFE,0.0369,TF1709.CFE,0.0363,6,6.18
2017/8/2,T1709.CFE,0.036733333,TF1709.CFE,0.0361,6.33,6.02
2017/8/3,T1709.CFE,0.036633333,TF1709.CFE,0.0361,5.33,5.6
2017/8/4,T1709.CFE,0.0366,TF1709.CFE,0.035966667,6.33,6.09
2017/8/7,T1709.CFE,0.037033333,TF1709.CFE,0.0364,6.33,6.62
2017/8/8,T1709.CFE,0.036966667,TF1709.CFE,0.036366667,6,5.1
2017/8/9,T1709.CFE,0.0369,TF1709.CFE,0.036633333,2.67,1.71
2017/8/10,T1712.CFE,0.037033333,TF1712.CFE,0.036,10.33,2.09
2017/8/11,T1712.CFE,0.036733333,TF1712.CFE,0.035533333,12,2.17
2017/8/14,T1712.CFE,0.036433333,TF1712.CFE,0.035333333,11,2.59
2017/8/15,T1712.CFE,0.036333333,TF1712.CFE,0.035266667,10.67,0.54
2017/8/16,T1712.CFE,0.0364,TF1712.CFE,0.035433333,9.67,0.81
2017/8/17,T1712.CFE,0.0364,TF1712.CFE,0.035433333,9.67,0.87
2017/8/18,T1712.CFE,0.0364,TF1712.CFE,0.035433333,9.67,0.19
2017/8/21,T1712.CFE,0.0366,TF1712.CFE,0.035633333,9.67,1.63
2017/8/22,T1712.CFE,0.0367,TF1712.CFE,0.035633333,10.67,1.12
2017/8/23,T1712.CFE,0.0366,TF1712.CFE,0.035433333,11.67,2.05
2017/8/24,T1712.CFE,0.036733333,TF1712.CFE,0.035566667,11.67,1.67
2017/8/25,T1712.CFE,0.0368,TF1712.CFE,0.035633333,11.67,1.83
2017/8/28,T1712.CFE,0.0369,TF1712.CFE,0.035733333,11.67,1.54
2017/8/29,T1712.CFE,0.0368,TF1712.CFE,0.035633333,11.67,1.64
2017/8/30,T1712.CFE,0.036633333,TF1712.CFE,0.035533333,11,0.63
2017/8/31,T1712.CFE,0.0365,TF1712.CFE,0.035433333,10.67,0.8
2017/9/1,T1712.CFE,0.036633333,TF1712.CFE,0.035466667,11.67,1.36
2017/9/4,T1712.CFE,0.036633333,TF1712.CFE,0.035533333,11,2.09
2017/9/5,T1712.CFE,0.0369,TF1712.CFE,0.0358,11,2.71
2017/9/6,T1712.CFE,0.0367,TF1712.CFE,0.035633333,10.67,0.01
2017/9/7,T1712.CFE,0.0364,TF1712.CFE,0.035333333,10.67,-1.28
2017/9/8,T1712.CFE,0.0361,TF1712.CFE,0.035033333,10.67,0.66
2017/9/11,T1712.CFE,0.0362,TF1712.CFE,0.0352,10,2.68
2017/9/12,T1712.CFE,0.0361,TF1712.CFE,0.0351,10,2.23
2017/9/13,T1712.CFE,0.0363,TF1712.CFE,0.035433333,8.67,0.57
2017/9/14,T1712.CFE,0.0359,TF1712.CFE,0.035133333,7.67,0.34
2017/9/15,T1712.CFE,0.035866667,TF1712.CFE,0.035133333,7.33,0.33
2017/9/18,T1712.CFE,0.0362,TF1712.CFE,0.035533333,6.67,-1.58
2017/9/19,T1712.CFE,0.0361,TF1712.CFE,0.035333333,7.67,-1.89
2017/9/20,T1712.CFE,0.0362,TF1712.CFE,0.035466667,7.33,-0.82
2017/9/21,T1712.CFE,0.0364,TF1712.CFE,0.035633333,7.67,-1.48
2017/9/22,T1712.CFE,0.0362,TF1712.CFE,0.035433333,7.67,-0.5
2017/9/25,T1712.CFE,0.036,TF1712.CFE,0.035233333,7.67,2.33
2017/9/26,T1712.CFE,0.036066667,TF1712.CFE,0.035233333,8.33,0.99
2017/9/27,T1712.CFE,0.0361,TF1712.CFE,0.035266667,8.33,0.13
2017/9/28,T1712.CFE,0.036,TF1712.CFE,0.035066667,9.33,-1.59
2017/9/29,T1712.CFE,0.036,TF1712.CFE,0.0351,9,1.28
2017/10/9,T1712.CFE,0.036433333,TF1712.CFE,0.035533333,9,2.01
2017/10/10,T1712.CFE,0.0364,TF1712.CFE,0.035633333,7.67,1.25
2017/10/11,T1712.CFE,0.0364,TF1712.CFE,0.035733333,6.67,1.24
2017/10/12,T1712.CFE,0.0368,TF1712.CFE,0.036033333,7.67,0.58
2017/10/13,T1712.CFE,0.036733333,TF1712.CFE,0.036033333,7,1.67
2017/10/16,T1712.CFE,0.0372,TF1712.CFE,0.036566667,6.33,-1.46
2017/10/17,T1712.CFE,0.0376,TF1712.CFE,0.0371,5,-2.56
2017/10/18,T1712.CFE,0.0377,TF1712.CFE,0.037166667,5.33,-3.5
2017/10/19,T1712.CFE,0.037433333,TF1712.CFE,0.036733333,7,-2.34
2017/10/20,T1712.CFE,0.037433333,TF1712.CFE,0.0366,8.33,-1.02
2017/10/23,T1712.CFE,0.037433333,TF1712.CFE,0.036666667,7.67,2.17
2017/10/24,T1712.CFE,0.0375,TF1712.CFE,0.036733333,7.67,1.14
2017/10/25,T1712.CFE,0.0381,TF1712.CFE,0.0374,7,1.96
2017/10/26,T1712.CFE,0.038033333,TF1712.CFE,0.0374,6.33,2.54
2017/10/27,T1712.CFE,0.038433333,TF1712.CFE,0.037933333,5,1.39
2017/10/30,T1712.CFE,0.039733333,TF1712.CFE,0.0393,4.33,-0.31
2017/10/31,T1712.CFE,0.039333333,TF1712.CFE,0.038733333,6,1.22
2017/11/1,T1712.CFE,0.038933333,TF1712.CFE,0.0384,5.33,1.82
2017/11/2,T1712.CFE,0.039133333,TF1712.CFE,0.038666667,4.67,-1
2017/11/3,T1712.CFE,0.039133333,TF1712.CFE,0.038733333,4,-0.96
2017/11/6,T1712.CFE,0.038933333,TF1712.CFE,0.038666667,2.67,-2.55
2017/11/7,T1712.CFE,0.039333333,TF1712.CFE,0.039033333,3,-2.77
2017/11/8,T1712.CFE,0.039133333,TF1712.CFE,0.038733333,4,-3.67
2017/11/9,T1712.CFE,0.039233333,TF1712.CFE,0.038833333,4,-0.98
2017/11/10,T1803.CFE,0.039333333,TF1803.CFE,0.0384,9.33,-1.17
2017/11/13,T1803.CFE,0.040066667,TF1803.CFE,0.039033333,10.33,2.16
2017/11/14,T1803.CFE,0.04,TF1803.CFE,0.038833333,11.67,3.15
2017/11/15,T1803.CFE,0.0397,TF1803.CFE,0.0383,14,6.29
2017/11/16,T1803.CFE,0.039366667,TF1803.CFE,0.038033333,13.33,5.63
2017/11/17,T1803.CFE,0.039366667,TF1803.CFE,0.0382,11.67,5.48
2017/11/20,T1803.CFE,0.039566667,TF1803.CFE,0.038333333,12.33,6.66
2017/11/21,T1803.CFE,0.0396,TF1803.CFE,0.0384,12,5.93
2017/11/22,T1803.CFE,0.040166667,TF1803.CFE,0.038933333,12.33,8.29
2017/11/23,T1803.CFE,0.040166667,TF1803.CFE,0.038966667,12,7.15
2017/11/24,T1803.CFE,0.0397,TF1803.CFE,0.038533333,11.67,6.53
2017/11/27,T1803.CFE,0.039766667,TF1803.CFE,0.0386,11.67,7.38
2017/11/28,T1803.CFE,0.0399,TF1803.CFE,0.038633333,12.67,7.41
2017/11/29,T1803.CFE,0.0393,TF1803.CFE,0.038033333,12.67,7.43
2017/11/30,T1803.CFE,0.038966667,TF1803.CFE,0.037733333,12.33,4.33
2017/12/1,T1803.CFE,0.038966667,TF1803.CFE,0.037766667,12,7.53
2017/12/4,T1803.CFE,0.038966667,TF1803.CFE,0.0378,11.67,8.6
2017/12/5,T1803.CFE,0.039133333,TF1803.CFE,0.037866667,12.67,7.7
2017/12/6,T1803.CFE,0.038966667,TF1803.CFE,0.0377,12.67,9.56
2017/12/7,T1803.CFE,0.039166667,TF1803.CFE,0.037966667,12,7.61
2017/12/8,T1803.CFE,0.039366667,TF1803.CFE,0.0382,11.67,6.92
2017/12/11,T1803.CFE,0.0396,TF1803.CFE,0.038433333,11.67,3.89
2017/12/12,T1803.CFE,0.039766667,TF1803.CFE,0.038633333,11.33,4.54
2017/12/13,T1803.CFE,0.039766667,TF1803.CFE,0.0387,10.67,2.16
2017/12/14,T1803.CFE,0.0395,TF1803.CFE,0.0384,11,1.91
2017/12/15,T1803.CFE,0.039166667,TF1803.CFE,0.038033333,11.33,3.7
2017/12/18,T1803.CFE,0.0392,TF1803.CFE,0.0381,11,6.17
2017/12/19,T1803.CFE,0.039166667,TF1803.CFE,0.0381,10.67,6.16
2017/12/20,T1803.CFE,0.039166667,TF1803.CFE,0.038033333,11.33,4.88
2017/12/21,T1803.CFE,0.039166667,TF1803.CFE,0.038033333,11.33,5.39
2017/12/22,T1803.CFE,0.038766667,TF1803.CFE,0.037633333,11.33,6.07
2017/12/25,T1803.CFE,0.038866667,TF1803.CFE,0.0377,11.67,6.58
2017/12/26,T1803.CFE,0.038966667,TF1803.CFE,0.037833333,11.33,4.76
2017/12/27,T1803.CFE,0.039,TF1803.CFE,0.0379,11,7.18
2017/12/28,T1803.CFE,0.038833333,TF1803.CFE,0.037733333,11,3.39
2017/12/29,T1803.CFE,0.038766667,TF1803.CFE,0.037666667,11,4.03
2018/1/2,T1803.CFE,0.039266667,TF1803.CFE,0.038133333,11.33,6.79
2018/1/3,T1803.CFE,0.0395,TF1803.CFE,0.038333333,11.67,8.51
2018/1/4,T1803.CFE,0.0397,TF1803.CFE,0.038433333,12.67,5.67
2018/1/5,T1803.CFE,0.039666667,TF1803.CFE,0.0384,12.67,8.22
2018/1/8,T1803.CFE,0.039466667,TF1803.CFE,0.0381,13.67,6.84
2018/1/9,T1803.CFE,0.039466667,TF1803.CFE,0.0381,13.67,6.09
2018/1/10,T1803.CFE,0.0398,TF1803.CFE,0.038433333,13.67,8.94
2018/1/11,T1803.CFE,0.0402,TF1803.CFE,0.038866667,13.33,8.8
2018/1/12,T1803.CFE,0.039966667,TF1803.CFE,0.038666667,13,8.05
2018/1/15,T1803.CFE,0.0403,TF1803.CFE,0.039033333,12.67,8.92
2018/1/16,T1803.CFE,0.0404,TF1803.CFE,0.039033333,13.67,8.93
2018/1/17,T1803.CFE,0.040633333,TF1803.CFE,0.039333333,13,8.42
2018/1/18,T1803.CFE,0.041,TF1803.CFE,0.0397,13,8.49
2018/1/19,T1803.CFE,0.041033333,TF1803.CFE,0.0399,11.33,8.07
2018/1/22,T1803.CFE,0.040666667,TF1803.CFE,0.039533333,11.33,10.01
2018/1/23,T1803.CFE,0.0407,TF1803.CFE,0.039433333,12.67,9.83
2018/1/24,T1803.CFE,0.0407,TF1803.CFE,0.039333333,13.67,9.41
2018/1/25,T1803.CFE,0.0406,TF1803.CFE,0.039233333,13.67,9.35
2018/1/26,T1803.CFE,0.040466667,TF1803.CFE,0.039066667,14,10.54
2018/1/29,T1803.CFE,0.040466667,TF1803.CFE,0.039033333,14.33,10.73
2018/1/30,T1803.CFE,0.0406,TF1803.CFE,0.039233333,13.67,8.43
2018/1/31,T1803.CFE,0.040466667,TF1803.CFE,0.039233333,12.33,8.61
2018/2/1,T1803.CFE,0.040166667,TF1803.CFE,0.038933333,12.33,7.61
2018/2/2,T1803.CFE,0.040333333,TF1803.CFE,0.039033333,13,7.4
2018/2/5,T1803.CFE,0.0407,TF1803.CFE,0.039333333,13.67,7.34
2018/2/6,T1803.CFE,0.040166667,TF1803.CFE,0.038933333,12.33,6.48
2018/2/7,T1803.CFE,0.040266667,TF1803.CFE,0.039,12.67,5.39
2018/2/8,T1803.CFE,0.040466667,TF1803.CFE,0.039166667,13,5.46
2018/2/9,T1803.CFE,0.0404,TF1803.CFE,0.039,14,6.38
2018/2/12,T1806.CFE,0.040166667,TF1806.CFE,0.038933333,12.33,6.63
2018/2/13,T1806.CFE,0.040166667,TF1806.CFE,0.038833333,13.33,5.74
2018/2/14,T1806.CFE,0.0403,TF1806.CFE,0.0389,14,7.65
2018/2/22,T1806.CFE,0.040666667,TF1806.CFE,0.039333333,13.33,6.46
2018/2/23,T1806.CFE,0.040566667,TF1806.CFE,0.0392,13.67,6.53
2018/2/26,T1806.CFE,0.039866667,TF1806.CFE,0.0386,12.67,6.04
2018/2/27,T1806.CFE,0.039366667,TF1806.CFE,0.038033333,13.33,8.9
2018/2/28,T1806.CFE,0.039333333,TF1806.CFE,0.038033333,13,12.16
2018/3/1,T1806.CFE,0.039366667,TF1806.CFE,0.038,13.67,12.22
2018/3/2,T1806.CFE,0.039366667,TF1806.CFE,0.038033333,13.33,12.7
2018/3/5,T1806.CFE,0.039466667,TF1806.CFE,0.038166667,13,12
2018/3/6,T1806.CFE,0.039,TF1806.CFE,0.0378,12,8.13
2018/3/7,T1806.CFE,0.038966667,TF1806.CFE,0.0378,11.67,8.49
2018/3/8,T1806.CFE,0.039033333,TF1806.CFE,0.037866667,11.67,11.09
2018/3/9,T1806.CFE,0.038966667,TF1806.CFE,0.037766667,12,13
2018/3/12,T1806.CFE,0.038933333,TF1806.CFE,0.037666667,12.67,14.71
2018/3/13,T1806.CFE,0.0393,TF1806.CFE,0.037966667,13.33,15.08
2018/3/14,T1806.CFE,0.0393,TF1806.CFE,0.038033333,12.67,14.68
2018/3/15,T1806.CFE,0.039166667,TF1806.CFE,0.0379,12.67,14.76
2018/3/16,T1806.CFE,0.039166667,TF1806.CFE,0.0379,12.67,12.22
2018/3/19,T1806.CFE,0.039066667,TF1806.CFE,0.037866667,12,11.17
2018/3/20,T1806.CFE,0.0387,TF1806.CFE,0.0376,11,11.54
2018/3/21,T1806.CFE,0.038633333,TF1806.CFE,0.037466667,11.67,10.1
2018/3/22,T1806.CFE,0.0384,TF1806.CFE,0.037266667,11.33,8.44
2018/3/23,T1806.CFE,0.037633333,TF1806.CFE,0.036666667,9.67,8.52
2018/3/26,T1806.CFE,0.0378,TF1806.CFE,0.036766667,10.33,10.35
2018/3/27,T1806.CFE,0.0379,TF1806.CFE,0.036866667,10.33,9.23
2018/3/28,T1806.CFE,0.0379,TF1806.CFE,0.036766667,11.33,10.63
2018/3/29,T1806.CFE,0.0381,TF1806.CFE,0.036966667,11.33,8.46
2018/3/30,T1806.CFE,0.037933333,TF1806.CFE,0.0368,11.33,7.89
2018/4/2,T1806.CFE,0.038033333,TF1806.CFE,0.036866667,11.67,8.96
2018/4/3,T1806.CFE,0.0383,TF1806.CFE,0.037166667,11.33,9.72
2018/4/4,T1806.CFE,0.038133333,TF1806.CFE,0.037066667,10.67,9
2018/4/9,T1806.CFE,0.0378,TF1806.CFE,0.036766667,10.33,8.58
2018/4/10,T1806.CFE,0.038266667,TF1806.CFE,0.037166667,11,10.68
2018/4/11,T1806.CFE,0.038,TF1806.CFE,0.037,10,8.58
2018/4/12,T1806.CFE,0.0379,TF1806.CFE,0.036866667,10.33,14.34
2018/4/13,T1806.CFE,0.037833333,TF1806.CFE,0.036766667,10.67,18.41
2018/4/16,T1806.CFE,0.0372,TF1806.CFE,0.036066667,11.33,16.71
2018/4/17,T1806.CFE,0.037133333,TF1806.CFE,0.035766667,13.67,25.1
2018/4/18,T1806.CFE,0.035666667,TF1806.CFE,0.034166667,15,29.79
2018/4/19,T1806.CFE,0.036166667,TF1806.CFE,0.034566667,16,32
2018/4/20,T1806.CFE,0.0361,TF1806.CFE,0.0345,16,34.78
2018/4/23,T1806.CFE,0.0365,TF1806.CFE,0.0349,16,31.56
2018/4/24,T1806.CFE,0.0363,TF1806.CFE,0.0346,17,31
2018/4/25,T1806.CFE,0.0367,TF1806.CFE,0.034733333,19.67,36.81
2018/4/26,T1806.CFE,0.0368,TF1806.CFE,0.034733333,20.67,34.69
2018/4/27,T1806.CFE,0.036866667,TF1806.CFE,0.0351,17.67,33.64
2018/5/2,T1806.CFE,0.037033333,TF1806.CFE,0.035466667,15.67,40.46
2018/5/3,T1806.CFE,0.0368,TF1806.CFE,0.0349,19,38.75
2018/5/4,T1806.CFE,0.0367,TF1806.CFE,0.0347,20,38.57
2018/5/7,T1806.CFE,0.037,TF1806.CFE,0.034766667,22.33,36.22
2018/5/8,T1806.CFE,0.0375,TF1806.CFE,0.035,25,36.56
2018/5/9,T1806.CFE,0.037666667,TF1806.CFE,0.0351,25.67,33.03
2018/5/10,T1806.CFE,0.0375,TF1806.CFE,0.035,25,30.84
2018/5/11,T1806.CFE,0.037433333,TF1806.CFE,0.0349,25.33,30.51
2018/5/14,T1806.CFE,0.0374,TF1806.CFE,0.035,24,29.66
2018/5/15,T1806.CFE,0.037533333,TF1806.CFE,0.0352,23.33,29.61
2018/5/16,T1806.CFE,0.037466667,TF1806.CFE,0.0352,22.67,27.19
2018/5/17,T1809.CFE,0.037666667,TF1809.CFE,0.0356,20.67,25.61
2018/5/18,T1809.CFE,0.037566667,TF1809.CFE,0.035766667,18,23.6
2018/5/21,T1809.CFE,0.037266667,TF1809.CFE,0.0356,16.67,23.81
2018/5/22,T1809.CFE,0.036866667,TF1809.CFE,0.035366667,15,23.52
2018/5/23,T1809.CFE,0.036766667,TF1809.CFE,0.035133333,16.33,23.74
2018/5/24,T1809.CFE,0.036766667,TF1809.CFE,0.0352,15.67,16.05
2018/5/25,T1809.CFE,0.0363,TF1809.CFE,0.0347,16,20.17
2018/5/28,T1809.CFE,0.036366667,TF1809.CFE,0.0348,15.67,19.02
2018/5/29,T1809.CFE,0.036266667,TF1809.CFE,0.0348,14.67,18.02
2018/5/30,T1809.CFE,0.036066667,TF1809.CFE,0.0347,13.67,15.5
2018/5/31,T1809.CFE,0.036466667,TF1809.CFE,0.034966667,15,18.43
2018/6/1,T1809.CFE,0.036466667,TF1809.CFE,0.035,14.67,14.76
2018/6/4,T1809.CFE,0.0368,TF1809.CFE,0.035366667,14.33,19.15
2018/6/5,T1809.CFE,0.036966667,TF1809.CFE,0.035466667,15,18.78
2018/6/6,T1809.CFE,0.036966667,TF1809.CFE,0.035566667,14,14.9
2018/6/7,T1809.CFE,0.037033333,TF1809.CFE,0.0357,13.33,13.6
2018/6/8,T1809.CFE,0.036733333,TF1809.CFE,0.035466667,12.67,18.1
2018/6/11,T1809.CFE,0.036666667,TF1809.CFE,0.035366667,13,18.41
2018/6/12,T1809.CFE,0.037066667,TF1809.CFE,0.0357,13.67,16.37
2018/6/13,T1809.CFE,0.036866667,TF1809.CFE,0.0354,14.67,14.9
2018/6/14,T1809.CFE,0.036366667,TF1809.CFE,0.035033333,13.33,14.55
2018/6/15,T1809.CFE,0.0362,TF1809.CFE,0.0349,13,14.36
2018/6/19,T1809.CFE,0.035666667,TF1809.CFE,0.034333333,13.33,13.31
2018/6/20,T1809.CFE,0.036166667,TF1809.CFE,0.034733333,14.33,15.76
2018/6/21,T1809.CFE,0.035766667,TF1809.CFE,0.034333333,14.33,12.94
2018/6/22,T1809.CFE,0.035566667,TF1809.CFE,0.034133333,14.33,14.62
2018/6/25,T1809.CFE,0.035866667,TF1809.CFE,0.034166667,17,16.39
2018/6/26,T1809.CFE,0.035866667,TF1809.CFE,0.034266667,16,14.11
2018/6/27,T1809.CFE,0.035533333,TF1809.CFE,0.034,15.33,14.26
2018/6/28,T1809.CFE,0.035366667,TF1809.CFE,0.033766667,16,14
2018/6/29,T1809.CFE,0.035033333,TF1809.CFE,0.033366667,16.67,12.65
2018/7/2,T1809.CFE,0.034933333,TF1809.CFE,0.033266667,16.67,15.77
2018/7/3,T1809.CFE,0.035133333,TF1809.CFE,0.033466667,16.67,17.55
2018/7/4,T1809.CFE,0.0353,TF1809.CFE,0.033733333,15.67,20.17
2018/7/5,T1809.CFE,0.0352,TF1809.CFE,0.0336,16,18.69
2018/7/6,T1809.CFE,0.0355,TF1809.CFE,0.033933333,15.67,24.19
2018/7/9,T1809.CFE,0.0356,TF1809.CFE,0.034066667,15.33,21.52
2018/7/10,T1809.CFE,0.035633333,TF1809.CFE,0.034133333,15,22.09
2018/7/11,T1809.CFE,0.035333333,TF1809.CFE,0.033833333,15,17.23
2018/7/12,T1809.CFE,0.0354,TF1809.CFE,0.033933333,14.67,20.35
2018/7/13,T1809.CFE,0.035033333,TF1809.CFE,0.033466667,15.67,23.31
2018/7/16,T1809.CFE,0.034933333,TF1809.CFE,0.033366667,15.67,17.65
2018/7/17,T1809.CFE,0.0349,TF1809.CFE,0.0333,16,17.54
2018/7/18,T1809.CFE,0.034933333,TF1809.CFE,0.033333333,16,17.57
2018/7/19,T1809.CFE,0.0346,TF1809.CFE,0.032966667,16.33,15.98
2018/7/20,T1809.CFE,0.035366667,TF1809.CFE,0.033766667,16,22.05
2018/7/23,T1809.CFE,0.035466667,TF1809.CFE,0.033766667,17,21.73
2018/7/24,T1809.CFE,0.035866667,TF1809.CFE,0.0341,17.67,25.7
2018/7/25,T1809.CFE,0.035766667,TF1809.CFE,0.034033333,17.33,23.52
2018/7/26,T1809.CFE,0.0356,TF1809.CFE,0.033766667,18.33,24.11
2018/7/27,T1809.CFE,0.035633333,TF1809.CFE,0.033666667,19.67,25.48
2018/7/30,T1809.CFE,0.035566667,TF1809.CFE,0.033566667,20,25.81
2018/7/31,T1809.CFE,0.0352,TF1809.CFE,0.0334,18,24.06
2018/8/1,T1809.CFE,0.034933333,TF1809.CFE,0.033066667,18.67,27.65
2018/8/2,T1809.CFE,0.0351,TF1809.CFE,0.033166667,19.33,31.53
2018/8/3,T1809.CFE,0.034766667,TF1809.CFE,0.0329,18.67,29.65
2018/8/6,T1809.CFE,0.0349,TF1809.CFE,0.0331,18,29.53
2018/8/7,T1809.CFE,0.035033333,TF1809.CFE,0.033166667,18.67,34.85
2018/8/8,T1809.CFE,0.0355,TF1809.CFE,0.033833333,16.67,32.04
2018/8/9,T1809.CFE,0.035866667,TF1809.CFE,0.034166667,17,28.37
2018/8/10,T1809.CFE,0.035866667,TF1809.CFE,0.034433333,14.33,26.43
2018/8/13,T1809.CFE,0.0362,TF1809.CFE,0.034866667,13.33,22.6
2018/8/14,T1812.CFE,0.0359,TF1812.CFE,0.0345,14,25.67
2018/8/15,T1812.CFE,0.0362,TF1812.CFE,0.0348,14,25.58
2018/8/16,T1812.CFE,0.0367,TF1812.CFE,0.0353,14,25.88
2018/8/17,T1812.CFE,0.037066667,TF1812.CFE,0.0356,14.67,25.11
2018/8/20,T1812.CFE,0.0369,TF1812.CFE,0.0355,14,23.78
2018/8/21,T1812.CFE,0.0368,TF1812.CFE,0.0356,12,18.1
2018/8/22,T1812.CFE,0.0367,TF1812.CFE,0.0356,11,15.14
2018/8/23,T1812.CFE,0.0367,TF1812.CFE,0.0355,12,18.21
2018/8/24,T1812.CFE,0.0368,TF1812.CFE,0.0354,14,24.13
2018/8/27,T1812.CFE,0.0368,TF1812.CFE,0.035433333,13.67,21.09
2018/8/28,T1812.CFE,0.0366,TF1812.CFE,0.0351,15,18.63
2018/8/29,T1812.CFE,0.036533333,TF1812.CFE,0.0351,14.33,19.92
2018/8/30,T1812.CFE,0.036266667,TF1812.CFE,0.0348,14.67,19.73
2018/8/31,T1812.CFE,0.036166667,TF1812.CFE,0.0346,15.67,23.27
2018/9/3,T1812.CFE,0.0364,TF1812.CFE,0.0349,15,23.47
2018/9/4,T1812.CFE,0.0366,TF1812.CFE,0.0352,14,20.88
2018/9/5,T1812.CFE,0.0366,TF1812.CFE,0.0353,13,20.19
2018/9/6,T1812.CFE,0.0366,TF1812.CFE,0.0352,14,17.81
2018/9/7,T1812.CFE,0.0368,TF1812.CFE,0.0355,13,19.3
2018/9/10,T1812.CFE,0.037,TF1812.CFE,0.035866667,11.33,15.74
2018/9/11,T1812.CFE,0.0374,TF1812.CFE,0.0362,12,15.76
2018/9/12,T1812.CFE,0.037166667,TF1812.CFE,0.0359,12.67,13.68
2018/9/13,T1812.CFE,0.0371,TF1812.CFE,0.0357,14,15.17
2018/9/14,T1812.CFE,0.037,TF1812.CFE,0.0356,14,13.54
2018/9/17,T1812.CFE,0.0369,TF1812.CFE,0.0354,15,16
2018/9/18,T1812.CFE,0.0371,TF1812.CFE,0.035533333,15.67,16.43
2018/9/19,T1812.CFE,0.037266667,TF1812.CFE,0.035866667,14,17.61
2018/9/20,T1812.CFE,0.0376,TF1812.CFE,0.036266667,13.33,17.35
2018/9/21,T1812.CFE,0.0374,TF1812.CFE,0.036,14,17.26
2018/9/25,T1812.CFE,0.0373,TF1812.CFE,0.035966667,13.33,18.25
2018/9/26,T1812.CFE,0.037,TF1812.CFE,0.035566667,14.33,18.09
2018/9/27,T1812.CFE,0.0367,TF1812.CFE,0.0353,14,16.15
2018/9/28,T1812.CFE,0.0365,TF1812.CFE,0.0351,14,18.1
2018/10/8,T1812.CFE,0.0367,TF1812.CFE,0.0352,15,17.13
2018/10/9,T1812.CFE,0.0366,TF1812.CFE,0.035,16,17.24
2018/10/10,T1812.CFE,0.0366,TF1812.CFE,0.035,16,18.17
2018/10/11,T1812.CFE,0.0361,TF1812.CFE,0.0345,16,17.34
2018/10/12,T1812.CFE,0.036166667,TF1812.CFE,0.0345,16.67,18.81
2018/10/15,T1812.CFE,0.0362,TF1812.CFE,0.0346,16,19.35
2018/10/16,T1812.CFE,0.036066667,TF1812.CFE,0.0345,15.67,17.69
2018/10/17,T1812.CFE,0.0361,TF1812.CFE,0.0345,16,17.44
2018/10/18,T1812.CFE,0.0357,TF1812.CFE,0.0342,15,14.95
2018/10/19,T1812.CFE,0.035966667,TF1812.CFE,0.0345,14.67,18.09
2018/10/22,T1812.CFE,0.0361,TF1812.CFE,0.0346,15,22.78
2018/10/23,T1812.CFE,0.035866667,TF1812.CFE,0.0344,14.67,20.08
2018/10/24,T1812.CFE,0.0357,TF1812.CFE,0.0342,15,18.01
2018/10/25,T1812.CFE,0.035633333,TF1812.CFE,0.0342,14.33,18.9
2018/10/26,T1812.CFE,0.035566667,TF1812.CFE,0.0341,14.67,19.92
2018/10/29,T1812.CFE,0.035266667,TF1812.CFE,0.033733333,15.33,18.93
2018/10/30,T1812.CFE,0.035366667,TF1812.CFE,0.0338,15.67,20.45
2018/10/31,T1812.CFE,0.035266667,TF1812.CFE,0.0338,14.67,20.27
2018/11/1,T1812.CFE,0.035066667,TF1812.CFE,0.033666667,14,19.26
2018/11/2,T1812.CFE,0.035666667,TF1812.CFE,0.0342,14.67,21.92
2018/11/5,T1812.CFE,0.0355,TF1812.CFE,0.0341,14,20.35
2018/11/6,T1812.CFE,0.035266667,TF1812.CFE,0.0338,14.67,19.72
2018/11/7,T1812.CFE,0.035066667,TF1812.CFE,0.0335,15.67,18.78
2018/11/8,T1812.CFE,0.034866667,TF1812.CFE,0.0333,15.67,19.74
2018/11/9,T1812.CFE,0.034866667,TF1812.CFE,0.0333,15.67,20.61
2018/11/12,T1812.CFE,0.035066667,TF1812.CFE,0.0335,15.67,20.86
2018/11/13,T1812.CFE,0.034966667,TF1812.CFE,0.0335,14.67,21.06
2018/11/14,T1812.CFE,0.0344,TF1812.CFE,0.033033333,13.67,26.63
2018/11/15,T1812.CFE,0.0343,TF1812.CFE,0.032933333,13.67,27.12
2018/11/16,T1812.CFE,0.0338,TF1812.CFE,0.032533333,12.67,22.48
2018/11/19,T1903.CFE,0.034033333,TF1903.CFE,0.032733333,13,24.51
2018/11/20,T1903.CFE,0.034166667,TF1903.CFE,0.0328,13.67,20.82
2018/11/21,T1903.CFE,0.0341,TF1903.CFE,0.032866667,12.33,20.03
2018/11/22,T1903.CFE,0.034266667,TF1903.CFE,0.033,12.67,20.31
2018/11/23,T1903.CFE,0.034266667,TF1903.CFE,0.032966667,13,19.61
2018/11/26,T1903.CFE,0.034566667,TF1903.CFE,0.033266667,13,23.28
2018/11/27,T1903.CFE,0.034333333,TF1903.CFE,0.033,13.33,23.58
2018/11/28,T1903.CFE,0.034266667,TF1903.CFE,0.032966667,13,22.12
2018/11/29,T1903.CFE,0.034,TF1903.CFE,0.032666667,13.33,22.76
2018/11/30,T1903.CFE,0.0342,TF1903.CFE,0.032866667,13.33,21.6
2018/12/3,T1903.CFE,0.0341,TF1903.CFE,0.0328,13,23.4
2018/12/4,T1903.CFE,0.0337,TF1903.CFE,0.032466667,12.33,23.74
2018/12/5,T1903.CFE,0.0337,TF1903.CFE,0.032466667,12.33,21.48
2018/12/6,T1903.CFE,0.0336,TF1903.CFE,0.0323,13,20.12
2018/12/7,T1903.CFE,0.033666667,TF1903.CFE,0.032333333,13.33,20.63
2018/12/10,T1903.CFE,0.0334,TF1903.CFE,0.032033333,13.67,26.08
2018/12/11,T1903.CFE,0.0334,TF1903.CFE,0.032033333,13.67,27
2018/12/12,T1903.CFE,0.0334,TF1903.CFE,0.0319,15,26.04
2018/12/13,T1903.CFE,0.0341,TF1903.CFE,0.032566667,15.33,26.51
2018/12/14,T1903.CFE,0.034333333,TF1903.CFE,0.032866667,14.67,30.83
2018/12/17,T1903.CFE,0.034566667,TF1903.CFE,0.0332,13.67,29.45
2018/12/18,T1903.CFE,0.034566667,TF1903.CFE,0.0332,13.67,31.27
2018/12/19,T1903.CFE,0.034266667,TF1903.CFE,0.032866667,14,28.56
2018/12/20,T1903.CFE,0.033866667,TF1903.CFE,0.0325,13.67,26.24
2018/12/21,T1903.CFE,0.033866667,TF1903.CFE,0.032433333,14.33,28.66
2018/12/24,T1903.CFE,0.034033333,TF1903.CFE,0.032666667,13.67,26.9
2018/12/25,T1903.CFE,0.0338,TF1903.CFE,0.032366667,14.33,24.91
2018/12/26,T1903.CFE,0.033566667,TF1903.CFE,0.032166667,14,24.73
2018/12/27,T1903.CFE,0.0334,TF1903.CFE,0.032066667,13.33,21.64
2018/12/28,T1903.CFE,0.0329,TF1903.CFE,0.031466667,14.33,25.58
2019/1/2,T1903.CFE,0.032433333,TF1903.CFE,0.031,14.33,25.49
2019/1/3,T1903.CFE,0.0324,TF1903.CFE,0.031,14,25.33
2019/1/4,T1903.CFE,0.032666667,TF1903.CFE,0.031166667,15,22.59
2019/1/7,T1903.CFE,0.032633333,TF1903.CFE,0.031133333,15,21.81
2019/1/8,T1903.CFE,0.032,TF1903.CFE,0.0304,16,21.04
2019/1/9,T1903.CFE,0.0322,TF1903.CFE,0.030566667,16.33,23.34
2019/1/10,T1903.CFE,0.0325,TF1903.CFE,0.0309,16,21.85
2019/1/11,T1903.CFE,0.0325,TF1903.CFE,0.030866667,16.33,21.7
2019/1/14,T1903.CFE,0.032766667,TF1903.CFE,0.0311,16.67,20.65
2019/1/15,T1903.CFE,0.032866667,TF1903.CFE,0.031166667,17,19.44
2019/1/16,T1903.CFE,0.0322,TF1903.CFE,0.0304,18,16.85
2019/1/17,T1903.CFE,0.032066667,TF1903.CFE,0.0302,18.67,16.89
2019/1/18,T1903.CFE,0.032366667,TF1903.CFE,0.0304,19.67,17.76
2019/1/21,T1903.CFE,0.0326,TF1903.CFE,0.030666667,19.33,17.33
2019/1/22,T1903.CFE,0.0325,TF1903.CFE,0.0305,20,17.14
2019/1/23,T1903.CFE,0.0327,TF1903.CFE,0.030766667,19.33,19.41
2019/1/24,T1903.CFE,0.032766667,TF1903.CFE,0.0308,19.67,19.43
2019/1/25,T1903.CFE,0.0329,TF1903.CFE,0.030966667,19.33,19.5
2019/1/28,T1903.CFE,0.0329,TF1903.CFE,0.0308,21,22.67
2019/1/29,T1903.CFE,0.032666667,TF1903.CFE,0.0306,20.67,19.92
2019/1/30,T1903.CFE,0.0326,TF1903.CFE,0.0305,21,20.51
2019/1/31,T1903.CFE,0.032466667,TF1903.CFE,0.0303,21.67,20.25
2019/2/1,T1903.CFE,0.032566667,TF1903.CFE,0.0304,21.67,19
2019/2/11,T1903.CFE,0.0321,TF1903.CFE,0.0298,23,17.63
2019/2/12,T1903.CFE,0.0322,TF1903.CFE,0.0299,23,19.12
2019/2/13,T1903.CFE,0.032333333,TF1903.CFE,0.03,23.33,21.38
2019/2/14,T1903.CFE,0.032633333,TF1903.CFE,0.0304,22.33,22.81
2019/2/15,T1903.CFE,0.0325,TF1903.CFE,0.0302,23,22.18
2019/2/18,T1903.CFE,0.032766667,TF1903.CFE,0.030566667,22,19.42
2019/2/19,T1903.CFE,0.0325,TF1903.CFE,0.0304,21,22.28
2019/2/20,T1906.CFE,0.032966667,TF1906.CFE,0.030833333,21.33,22.24
2019/2/21,T1906.CFE,0.033,TF1906.CFE,0.030866667,21.33,21.8
2019/2/22,T1906.CFE,0.0331,TF1906.CFE,0.031033333,20.67,21.68
2019/2/25,T1906.CFE,0.033466667,TF1906.CFE,0.0316,18.67,24.65
2019/2/26,T1906.CFE,0.033933333,TF1906.CFE,0.032266667,16.67,18.7
2019/2/27,T1906.CFE,0.033566667,TF1906.CFE,0.031833333,17.33,13.52
2019/2/28,T1906.CFE,0.0338,TF1906.CFE,0.032033333,17.67,15.08
2019/3/1,T1906.CFE,0.033966667,TF1906.CFE,0.032266667,17,13.56
2019/3/4,T1906.CFE,0.0337,TF1906.CFE,0.032,17,14.45
2019/3/5,T1906.CFE,0.0336,TF1906.CFE,0.0319,17,12.93
2019/3/6,T1906.CFE,0.0335,TF1906.CFE,0.0319,16,12.46
2019/3/7,T1906.CFE,0.032966667,TF1906.CFE,0.031366667,16,10.99
2019/3/8,T1906.CFE,0.0327,TF1906.CFE,0.030966667,17.33,12.95
2019/3/11,T1906.CFE,0.032866667,TF1906.CFE,0.031133333,17.33,12.37
2019/3/12,T1906.CFE,0.0328,TF1906.CFE,0.031033333,17.67,9.15
2019/3/13,T1906.CFE,0.0328,TF1906.CFE,0.031133333,16.67,8.75
2019/3/14,T1906.CFE,0.032966667,TF1906.CFE,0.0313,16.67,8.73
2019/3/15,T1906.CFE,0.0329,TF1906.CFE,0.031266667,16.33,7.94
2019/3/18,T1906.CFE,0.0331,TF1906.CFE,0.0315,16,3.27
2019/3/19,T1906.CFE,0.033166667,TF1906.CFE,0.031633333,15.33,9.09
2019/3/20,T1906.CFE,0.033233333,TF1906.CFE,0.0317,15.33,9.04
2019/3/21,T1906.CFE,0.0329,TF1906.CFE,0.031333333,15.67,12.44
2019/3/22,T1906.CFE,0.0328,TF1906.CFE,0.0312,16,8.55
2019/3/25,T1906.CFE,0.0324,TF1906.CFE,0.0308,16,9.47
2019/3/26,T1906.CFE,0.0323,TF1906.CFE,0.030666667,16.33,7.91
2019/3/27,T1906.CFE,0.0325,TF1906.CFE,0.030833333,16.67,11.08
2019/3/28,T1906.CFE,0.032466667,TF1906.CFE,0.030833333,16.33,8.65
2019/3/29,T1906.CFE,0.0326,TF1906.CFE,0.030933333,16.67,11.07
2019/4/1,T1906.CFE,0.033166667,TF1906.CFE,0.0316,15.67,13.72
2019/4/2,T1906.CFE,0.0334,TF1906.CFE,0.031733333,16.67,14.59
2019/4/3,T1906.CFE,0.034133333,TF1906.CFE,0.0325,16.33,14.26
2019/4/4,T1906.CFE,0.034333333,TF1906.CFE,0.032833333,15,15.89
2019/4/8,T1906.CFE,0.034166667,TF1906.CFE,0.032833333,13.33,14.54
2019/4/9,T1906.CFE,0.034366667,TF1906.CFE,0.033033333,13.33,10.95
2019/4/10,T1906.CFE,0.034266667,TF1906.CFE,0.033,12.67,6.76
2019/4/11,T1906.CFE,0.033966667,TF1906.CFE,0.0326,13.67,8.76
2019/4/12,T1906.CFE,0.034133333,TF1906.CFE,0.0326,15.33,13.86
2019/4/15,T1906.CFE,0.0346,TF1906.CFE,0.033233333,13.67,12.23
2019/4/16,T1906.CFE,0.0349,TF1906.CFE,0.0335,14,13.93
2019/4/17,T1906.CFE,0.034566667,TF1906.CFE,0.033166667,14,15.23
2019/4/18,T1906.CFE,0.034433333,TF1906.CFE,0.033,14.33,15.31
2019/4/19,T1906.CFE,0.0345,TF1906.CFE,0.032966667,15.33,16.67
2019/4/22,T1906.CFE,0.0347,TF1906.CFE,0.033233333,14.67,16.92
2019/4/23,T1906.CFE,0.0346,TF1906.CFE,0.033133333,14.67,15.94
2019/4/24,T1906.CFE,0.0351,TF1906.CFE,0.033566667,15.33,17.88
2019/4/25,T1906.CFE,0.0348,TF1906.CFE,0.033233333,15.67,17.49
2019/4/26,T1906.CFE,0.034566667,TF1906.CFE,0.033033333,15.33,19.36
2019/4/29,T1906.CFE,0.034766667,TF1906.CFE,0.033266667,15,19.93
2019/4/30,T1906.CFE,0.034266667,TF1906.CFE,0.032766667,15,17.75
2019/5/6,T1906.CFE,0.033966667,TF1906.CFE,0.032366667,16,19.82
2019/5/7,T1906.CFE,0.034033333,TF1906.CFE,0.032366667,16.67,18.75
2019/5/8,T1906.CFE,0.033933333,TF1906.CFE,0.0323,16.33,19.66
2019/5/9,T1906.CFE,0.033766667,TF1906.CFE,0.032166667,16,19.27
2019/5/10,T1906.CFE,0.033666667,TF1906.CFE,0.032166667,15,16.06
2019/5/13,T1906.CFE,0.0333,TF1906.CFE,0.031733333,15.67,13.96
2019/5/14,T1906.CFE,0.033433333,TF1906.CFE,0.032,14.33,12.78
2019/5/15,T1906.CFE,0.033366667,TF1906.CFE,0.0319,14.67,12.09
2019/5/16,T1906.CFE,0.033366667,TF1906.CFE,0.031833333,15.33,12.66
2019/5/17,T1906.CFE,0.0332,TF1906.CFE,0.031733333,14.67,13.17
2019/5/20,T1906.CFE,0.0332,TF1906.CFE,0.0317,15,14.09
2019/5/21,T1909.CFE,0.034333333,TF1909.CFE,0.032766667,15.67,15.54
2019/5/22,T1909.CFE,0.0344,TF1909.CFE,0.032866667,15.33,17.53
2019/5/23,T1909.CFE,0.034133333,TF1909.CFE,0.032533333,16,19.17
2019/5/24,T1909.CFE,0.0341,TF1909.CFE,0.032466667,16.33,18.19
2019/5/27,T1909.CFE,0.0348,TF1909.CFE,0.033266667,15.33,21
2019/5/28,T1909.CFE,0.034466667,TF1909.CFE,0.032933333,15.33,15.45
2019/5/29,T1909.CFE,0.034,TF1909.CFE,0.032433333,15.67,17.56
2019/5/30,T1909.CFE,0.034,TF1909.CFE,0.032366667,16.33,20.32
2019/5/31,T1909.CFE,0.033966667,TF1909.CFE,0.032333333,16.33,19.91
2019/6/3,T1909.CFE,0.033566667,TF1909.CFE,0.031966667,16,18.03
2019/6/4,T1909.CFE,0.0334,TF1909.CFE,0.031766667,16.33,16.51
2019/6/5,T1909.CFE,0.033266667,TF1909.CFE,0.0317,15.67,15.47
2019/6/6,T1909.CFE,0.0332,TF1909.CFE,0.031666667,15.33,14.39
2019/6/10,T1909.CFE,0.0333,TF1909.CFE,0.0317,16,13.95
2019/6/11,T1909.CFE,0.033666667,TF1909.CFE,0.032166667,15,14.6
2019/6/12,T1909.CFE,0.033666667,TF1909.CFE,0.032066667,16,13.81
2019/6/13,T1909.CFE,0.033366667,TF1909.CFE,0.031766667,16,14.9
2019/6/14,T1909.CFE,0.0331,TF1909.CFE,0.0315,16,15.15
2019/6/17,T1909.CFE,0.033,TF1909.CFE,0.0314,16,16.48
2019/6/18,T1909.CFE,0.033266667,TF1909.CFE,0.031566667,17,17.68
2019/6/19,T1909.CFE,0.033366667,TF1909.CFE,0.0316,17.67,17.62
2019/6/20,T1909.CFE,0.033266667,TF1909.CFE,0.0315,17.67,17.63
2019/6/21,T1909.CFE,0.0332,TF1909.CFE,0.0314,18,19.05
2019/6/24,T1909.CFE,0.033466667,TF1909.CFE,0.031666667,18,17.65
2019/6/25,T1909.CFE,0.0333,TF1909.CFE,0.031566667,17.33,18.13
2019/6/26,T1909.CFE,0.0335,TF1909.CFE,0.031733333,17.67,17.62
2019/6/27,T1909.CFE,0.033566667,TF1909.CFE,0.0318,17.67,18.09
2019/6/28,T1909.CFE,0.0332,TF1909.CFE,0.031466667,17.33,17.14
2019/7/1,T1909.CFE,0.033066667,TF1909.CFE,0.031366667,17,16.02
2019/7/2,T1909.CFE,0.0325,TF1909.CFE,0.0309,16,14.17
2019/7/3,T1909.CFE,0.0322,TF1909.CFE,0.0306,16,15.07
2019/7/4,T1909.CFE,0.0323,TF1909.CFE,0.0306,17,16.2
2019/7/5,T1909.CFE,0.032466667,TF1909.CFE,0.030833333,16.33,15.09
2019/7/8,T1909.CFE,0.0326,TF1909.CFE,0.031033333,15.67,14.04
2019/7/9,T1909.CFE,0.0324,TF1909.CFE,0.0308,16,15.1
2019/7/10,T1909.CFE,0.0324,TF1909.CFE,0.0308,16,14.28
2019/7/11,T1909.CFE,0.032366667,TF1909.CFE,0.030733333,16.33,14.94
2019/7/12,T1909.CFE,0.0323,TF1909.CFE,0.030733333,15.67,13.59
2019/7/15,T1909.CFE,0.0325,TF1909.CFE,0.0309,16,14.47
2019/7/16,T1909.CFE,0.0325,TF1909.CFE,0.0309,16,14.56
2019/7/17,T1909.CFE,0.032466667,TF1909.CFE,0.0308,16.67,14.87
2019/7/18,T1909.CFE,0.0322,TF1909.CFE,0.0305,17,15.14
2019/7/19,T1909.CFE,0.032266667,TF1909.CFE,0.0306,16.67,15.17
2019/7/22,T1909.CFE,0.0321,TF1909.CFE,0.0304,17,15.4
2019/7/23,T1909.CFE,0.0321,TF1909.CFE,0.0305,16,15.41
2019/7/24,T1909.CFE,0.0323,TF1909.CFE,0.0307,16,15.26
2019/7/25,T1909.CFE,0.0323,TF1909.CFE,0.0306,17,15.63
2019/7/26,T1909.CFE,0.032266667,TF1909.CFE,0.0306,16.67,15.71
2019/7/29,T1909.CFE,0.0325,TF1909.CFE,0.0308,17,15.93
2019/7/30,T1909.CFE,0.0324,TF1909.CFE,0.0307,17,16.03
2019/7/31,T1909.CFE,0.0321,TF1909.CFE,0.0304,17,15.73
2019/8/1,T1909.CFE,0.032,TF1909.CFE,0.0304,16,16
2019/8/2,T1909.CFE,0.031633333,TF1909.CFE,0.03,16.33,16.13
2019/8/5,T1909.CFE,0.031233333,TF1909.CFE,0.0296,16.33,16.14
2019/8/6,T1909.CFE,0.031166667,TF1909.CFE,0.029566667,16,13.35
2019/8/7,T1909.CFE,0.031133333,TF1909.CFE,0.0296,15.33,12.02
2019/8/8,T1909.CFE,0.0311,TF1909.CFE,0.029566667,15.33,11.02
2019/8/9,T1909.CFE,0.0309,TF1909.CFE,0.029366667,15.33,10.97
2019/8/12,T1909.CFE,0.031033333,TF1909.CFE,0.0294,16.33,11.88
2019/8/13,T1909.CFE,0.030833333,TF1909.CFE,0.029233333,16,10.47
2019/8/14,T1912.CFE,0.031233333,TF1912.CFE,0.0297,15.33,9.23
2019/8/15,T1912.CFE,0.031266667,TF1912.CFE,0.029733333,15.33,9.38
2019/8/16,T1912.CFE,0.031466667,TF1912.CFE,0.03,14.67,8.44
2019/8/19,T1912.CFE,0.031366667,TF1912.CFE,0.0299,14.67,9.33
2019/8/20,T1912.CFE,0.031366667,TF1912.CFE,0.0299,14.67,10.16
2019/8/21,T1912.CFE,0.031666667,TF1912.CFE,0.0302,14.67,9.92
2019/8/22,T1912.CFE,0.0316,TF1912.CFE,0.0301,15,9.92
2019/8/23,T1912.CFE,0.0315,TF1912.CFE,0.03,15,9.96
2019/8/26,T1912.CFE,0.031333333,TF1912.CFE,0.029833333,15,10.14
2019/8/27,T1912.CFE,0.0314,TF1912.CFE,0.03,14,10.28
2019/8/28,T1912.CFE,0.031366667,TF1912.CFE,0.0299,14.67,9.95
2019/8/29,T1912.CFE,0.030866667,TF1912.CFE,0.0295,13.67,9.84
2019/8/30,T1912.CFE,0.0313,TF1912.CFE,0.0299,14,9.77
2019/9/2,T1912.CFE,0.0315,TF1912.CFE,0.0301,14,9.71
2019/9/3,T1912.CFE,0.031566667,TF1912.CFE,0.030266667,13,8.81
2019/9/4,T1912.CFE,0.031366667,TF1912.CFE,0.0301,12.67,9.04
2019/9/5,T1912.CFE,0.031066667,TF1912.CFE,0.029633333,14.33,9.11
2019/9/6,T1912.CFE,0.031,TF1912.CFE,0.0295,15,10.75
2019/9/9,T1912.CFE,0.031166667,TF1912.CFE,0.0297,14.67,9.1
2019/9/10,T1912.CFE,0.031333333,TF1912.CFE,0.0299,14.33,9.12
2019/9/11,T1912.CFE,0.031466667,TF1912.CFE,0.0299,15.67,10.58
2019/9/12,T1912.CFE,0.0319,TF1912.CFE,0.0303,16,10.98
2019/9/16,T1912.CFE,0.0318,TF1912.CFE,0.0302,16,11.49
2019/9/17,T1912.CFE,0.0319,TF1912.CFE,0.030366667,15.33,12.16
2019/9/18,T1912.CFE,0.0321,TF1912.CFE,0.0305,16,12.66
2019/9/19,T1912.CFE,0.032,TF1912.CFE,0.0304,16,11.5
2019/9/20,T1912.CFE,0.0319,TF1912.CFE,0.030266667,16.33,11.32
2019/9/23,T1912.CFE,0.0319,TF1912.CFE,0.030266667,16.33,12.27
2019/9/24,T1912.CFE,0.032,TF1912.CFE,0.0304,16,12.71
2019/9/25,T1912.CFE,0.0319,TF1912.CFE,0.0303,16,12.97
2019/9/26,T1912.CFE,0.0322,TF1912.CFE,0.030533333,16.67,13.75
2019/9/27,T1912.CFE,0.0324,TF1912.CFE,0.030766667,16.33,13.7
2019/9/30,T1912.CFE,0.032266667,TF1912.CFE,0.030566667,17,15.48
2019/10/8,T1912.CFE,0.031966667,TF1912.CFE,0.0303,16.67,11.82
2019/10/9,T1912.CFE,0.032,TF1912.CFE,0.0303,17,10.82
2019/10/10,T1912.CFE,0.0321,TF1912.CFE,0.0305,16,11.64
2019/10/11,T1912.CFE,0.0324,TF1912.CFE,0.030766667,16.33,12.22
2019/10/14,T1912.CFE,0.0323,TF1912.CFE,0.030733333,15.67,12.01
2019/10/15,T1912.CFE,0.0323,TF1912.CFE,0.030666667,16.33,12.77
2019/10/16,T1912.CFE,0.032366667,TF1912.CFE,0.030733333,16.33,12.68
2019/10/17,T1912.CFE,0.032133333,TF1912.CFE,0.0305,16.33,12.6
2019/10/18,T1912.CFE,0.0324,TF1912.CFE,0.030766667,16.33,13.26
2019/10/21,T1912.CFE,0.032866667,TF1912.CFE,0.031133333,17.33,19.3
2019/10/22,T1912.CFE,0.032866667,TF1912.CFE,0.031166667,17,18.8
2019/10/23,T1912.CFE,0.0327,TF1912.CFE,0.031033333,16.67,18.48
2019/10/24,T1912.CFE,0.0327,TF1912.CFE,0.030966667,17.33,20.55
2019/10/25,T1912.CFE,0.032866667,TF1912.CFE,0.031066667,18,20.23
2019/10/28,T1912.CFE,0.033166667,TF1912.CFE,0.031333333,18.33,21.81
2019/10/29,T1912.CFE,0.033233333,TF1912.CFE,0.031433333,18,22.04
2019/10/30,T1912.CFE,0.0337,TF1912.CFE,0.0319,18,22.26
2019/10/31,T1912.CFE,0.033266667,TF1912.CFE,0.031533333,17.33,22.39
2019/11/1,T1912.CFE,0.033066667,TF1912.CFE,0.0313,17.67,21.7
2019/11/4,T1912.CFE,0.033233333,TF1912.CFE,0.031466667,17.67,20.52
2019/11/5,T1912.CFE,0.0328,TF1912.CFE,0.031066667,17.33,19.54
2019/11/6,T1912.CFE,0.032666667,TF1912.CFE,0.030966667,17,19.73
2019/11/7,T1912.CFE,0.032766667,TF1912.CFE,0.030966667,18,19.28
2019/11/8,T1912.CFE,0.032933333,TF1912.CFE,0.031166667,17.67,20.49
2019/11/11,T1912.CFE,0.0326,TF1912.CFE,0.030833333,17.67,20.37
2019/11/12,T1912.CFE,0.0327,TF1912.CFE,0.030933333,17.67,20.06
2019/11/13,T1912.CFE,0.032566667,TF1912.CFE,0.030833333,17.33,18.45
2019/11/14,T1912.CFE,0.032666667,TF1912.CFE,0.030933333,17.33,20.16
2019/11/15,T1912.CFE,0.0325,TF1912.CFE,0.030766667,17.33,19.06
2019/11/18,T1912.CFE,0.032,TF1912.CFE,0.0303,17,18.56
2019/11/19,T1912.CFE,0.0319,TF1912.CFE,0.0301,18,18.33
2019/11/20,T2003.CFE,0.0324,TF2003.CFE,0.0308,16,19.29
2019/11/21,T2003.CFE,0.0324,TF2003.CFE,0.030666667,17.33,20.8
2019/11/22,T2003.CFE,0.0324,TF2003.CFE,0.030633333,17.67,21.33
2019/11/25,T2003.CFE,0.032666667,TF2003.CFE,0.030933333,17.33,19.04
2019/11/26,T2003.CFE,0.032533333,TF2003.CFE,0.030833333,17,17.16
2019/11/27,T2003.CFE,0.0325,TF2003.CFE,0.0308,17,18.25
2019/11/28,T2003.CFE,0.032533333,TF2003.CFE,0.0308,17.33,18.92
2019/11/29,T2003.CFE,0.0325,TF2003.CFE,0.030733333,17.67,18.96
2019/12/2,T2003.CFE,0.032933333,TF2003.CFE,0.031133333,18,19.38
2019/12/3,T2003.CFE,0.032866667,TF2003.CFE,0.031033333,18.33,18.83
2019/12/4,T2003.CFE,0.032766667,TF2003.CFE,0.030833333,19.33,19.68
2019/12/5,T2003.CFE,0.0327,TF2003.CFE,0.030733333,19.67,19.72
2019/12/6,T2003.CFE,0.032933333,TF2003.CFE,0.031033333,19,17.9
2019/12/9,T2003.CFE,0.033,TF2003.CFE,0.0311,19,18.78
2019/12/10,T2003.CFE,0.032833333,TF2003.CFE,0.0309,19.33,17.79
2019/12/11,T2003.CFE,0.032666667,TF2003.CFE,0.030766667,19,17.7
2019/12/12,T2003.CFE,0.0326,TF2003.CFE,0.030633333,19.67,18.73
2019/12/13,T2003.CFE,0.032833333,TF2003.CFE,0.030866667,19.67,19.24
2019/12/16,T2003.CFE,0.032866667,TF2003.CFE,0.0309,19.67,19.41
2019/12/17,T2003.CFE,0.0332,TF2003.CFE,0.031233333,19.67,19.95
2019/12/18,T2003.CFE,0.033233333,TF2003.CFE,0.031233333,20,19.67
2019/12/19,T2003.CFE,0.033166667,TF2003.CFE,0.031133333,20.33,21.39
2019/12/20,T2003.CFE,0.032766667,TF2003.CFE,0.030733333,20.33,20.54
2019/12/23,T2003.CFE,0.0326,TF2003.CFE,0.0305,21,21.94
2019/12/24,T2003.CFE,0.032533333,TF2003.CFE,0.0304,21.33,22.97
2019/12/25,T2003.CFE,0.032466667,TF2003.CFE,0.0303,21.67,22.16
2019/12/26,T2003.CFE,0.0322,TF2003.CFE,0.030033333,21.67,22.92
2019/12/27,T2003.CFE,0.0323,TF2003.CFE,0.0301,22,24.26
2019/12/30,T2003.CFE,0.0323,TF2003.CFE,0.0302,21,24.17
2019/12/31,T2003.CFE,0.032366667,TF2003.CFE,0.0301,22.67,24.68
2020/1/2,T2003.CFE,0.0326,TF2003.CFE,0.0304,22,24.61
2020/1/3,T2003.CFE,0.032566667,TF2003.CFE,0.0305,20.67,21.27
2020/1/6,T2003.CFE,0.0323,TF2003.CFE,0.030133333,21.67,21.49
2020/1/7,T2003.CFE,0.032533333,TF2003.CFE,0.030333333,22,22.74
2020/1/8,T2003.CFE,0.032433333,TF2003.CFE,0.0302,22.33,23.74
2020/1/9,T2003.CFE,0.0322,TF2003.CFE,0.0298,24,23.12
2020/1/10,T2003.CFE,0.0319,TF2003.CFE,0.029566667,23.33,22.02
2020/1/13,T2003.CFE,0.0319,TF2003.CFE,0.029566667,23.33,21.26
2020/1/14,T2003.CFE,0.032,TF2003.CFE,0.0297,23,20.74
2020/1/15,T2003.CFE,0.0319,TF2003.CFE,0.029566667,23.33,21.74
2020/1/16,T2003.CFE,0.032,TF2003.CFE,0.029666667,23.33,20.68
2020/1/17,T2003.CFE,0.0318,TF2003.CFE,0.029366667,24.33,20.26
2020/1/20,T2003.CFE,0.031433333,TF2003.CFE,0.028866667,25.67,23.18
2020/1/21,T2003.CFE,0.031066667,TF2003.CFE,0.028666667,24,21.67
2020/1/22,T2003.CFE,0.031066667,TF2003.CFE,0.028766667,23,20.19
2020/1/23,T2003.CFE,0.0305,TF2003.CFE,0.0283,22,17.9
2020/2/3,T2003.CFE,0.0283,TF2003.CFE,0.0264,19,20.22
2020/2/4,T2003.CFE,0.0286,TF2003.CFE,0.0266,20,22.02
2020/2/5,T2003.CFE,0.0286,TF2003.CFE,0.0266,20,20.89
2020/2/6,T2003.CFE,0.028566667,TF2003.CFE,0.0265,20.67,20.76
2020/2/7,T2003.CFE,0.0281,TF2003.CFE,0.0261,20,20.54
2020/2/10,T2003.CFE,0.0282,TF2003.CFE,0.0261,21,23.29
2020/2/11,T2003.CFE,0.0287,TF2003.CFE,0.0264,23,22.64
2020/2/12,T2003.CFE,0.0287,TF2003.CFE,0.0262,25,22.61
2020/2/13,T2003.CFE,0.0286,TF2003.CFE,0.026166667,24.33,21.78
2020/2/14,T2003.CFE,0.0291,TF2003.CFE,0.026533333,25.67,24.09
2020/2/17,T2003.CFE,0.0295,TF2003.CFE,0.0268,27,24.91
2020/2/18,T2003.CFE,0.028966667,TF2003.CFE,0.026466667,25,22.07
2020/2/19,T2006.CFE,0.0298,TF2006.CFE,0.027633333,21.67,21.93
2020/2/20,T2006.CFE,0.0302,TF2006.CFE,0.028033333,21.67,23.61
2020/2/21,T2006.CFE,0.0296,TF2006.CFE,0.027533333,20.67,19.98
2020/2/24,T2006.CFE,0.0292,TF2006.CFE,0.0271,21,19.05
2020/2/25,T2006.CFE,0.0293,TF2006.CFE,0.027133333,21.67,18.57
2020/2/26,T2006.CFE,0.029333333,TF2006.CFE,0.0272,21.33,17.45
2020/2/27,T2006.CFE,0.028866667,TF2006.CFE,0.0267,21.67,17.64
2020/2/28,T2006.CFE,0.0283,TF2006.CFE,0.026366667,19.33,19.07
2020/3/2,T2006.CFE,0.028533333,TF2006.CFE,0.0265,20.33,19.51
2020/3/3,T2006.CFE,0.028633333,TF2006.CFE,0.026533333,21,20.61
2020/3/4,T2006.CFE,0.028033333,TF2006.CFE,0.025833333,22,19.5
2020/3/5,T2006.CFE,0.028033333,TF2006.CFE,0.0258,22.33,19.6
2020/3/6,T2006.CFE,0.027566667,TF2006.CFE,0.0253,22.67,18
2020/3/9,T2006.CFE,0.0267,TF2006.CFE,0.0247,20,15.25
2020/3/10,T2006.CFE,0.027866667,TF2006.CFE,0.025766667,21,20.81
2020/3/11,T2006.CFE,0.027566667,TF2006.CFE,0.0255,20.67,14.73
2020/3/12,T2006.CFE,0.027533333,TF2006.CFE,0.0254,21.33,22.57
2020/3/13,T2006.CFE,0.028233333,TF2006.CFE,0.0259,23.33,16.32
2020/3/16,T2006.CFE,0.028333333,TF2006.CFE,0.026033333,23,19.47
2020/3/17,T2006.CFE,0.028766667,TF2006.CFE,0.0263,24.67,24.37
2020/3/18,T2006.CFE,0.028266667,TF2006.CFE,0.0259,23.67,21.79
2020/3/19,T2006.CFE,0.028933333,TF2006.CFE,0.0263,26.33,23.35
2020/3/20,T2006.CFE,0.028633333,TF2006.CFE,0.0259,27.33,21.71
2020/3/23,T2006.CFE,0.027833333,TF2006.CFE,0.0252,26.33,20.96
2020/3/24,T2006.CFE,0.027633333,TF2006.CFE,0.0248,28.33,22.21
2020/3/25,T2006.CFE,0.0274,TF2006.CFE,0.024566667,28.33,23.94
2020/3/26,T2006.CFE,0.027033333,TF2006.CFE,0.024233333,28,26.78
2020/3/27,T2006.CFE,0.027366667,TF2006.CFE,0.024633333,27.33,26.67
2020/3/30,T2006.CFE,0.0273,TF2006.CFE,0.0241,32,29.03
2020/3/31,T2006.CFE,0.0269,TF2006.CFE,0.023733333,31.67,31.04
2020/4/1,T2006.CFE,0.0265,TF2006.CFE,0.023633333,28.67,29.88
2020/4/2,T2006.CFE,0.0269,TF2006.CFE,0.024,29,30.32
2020/4/3,T2006.CFE,0.027366667,TF2006.CFE,0.024166667,32,34.3
2020/4/7,T2006.CFE,0.0261,TF2006.CFE,0.021833333,42.67,43.73
2020/4/8,T2006.CFE,0.0258,TF2006.CFE,0.0212,46,44.19
2020/4/9,T2006.CFE,0.026133333,TF2006.CFE,0.021233333,49,48.5
2020/4/10,T2006.CFE,0.026433333,TF2006.CFE,0.0219,45.33,49.35
2020/4/13,T2006.CFE,0.026233333,TF2006.CFE,0.0216,46.33,49.51
2020/4/14,T2006.CFE,0.0263,TF2006.CFE,0.021366667,49.33,52.78
2020/4/15,T2006.CFE,0.0259,TF2006.CFE,0.020633333,52.67,53.62
2020/4/16,T2006.CFE,0.0257,TF2006.CFE,0.020866667,48.33,51.83
2020/4/17,T2006.CFE,0.026,TF2006.CFE,0.021,50,53.58
2020/4/20,T2006.CFE,0.0265,TF2006.CFE,0.021066667,54.33,57.15
2020/4/21,T2006.CFE,0.0264,TF2006.CFE,0.020533333,58.67,60.98
2020/4/22,T2006.CFE,0.0259,TF2006.CFE,0.019433333,64.67,69.3
2020/4/23,T2006.CFE,0.024833333,TF2006.CFE,0.019,58.33,68.67
2020/4/24,T2006.CFE,0.0247,TF2006.CFE,0.019233333,54.67,64.59
2020/4/27,T2006.CFE,0.0249,TF2006.CFE,0.0191,58,65.28
2020/4/28,T2006.CFE,0.024633333,TF2006.CFE,0.0185,61.33,66.14
2020/4/29,T2006.CFE,0.0244,TF2006.CFE,0.0177,67,68.9
2020/4/30,T2006.CFE,0.025033333,TF2006.CFE,0.0179,71.33,73.49
2020/5/6,T2006.CFE,0.0256,TF2006.CFE,0.0183,73,72.41
2020/5/7,T2006.CFE,0.0263,TF2006.CFE,0.019566667,67.33,69.82
2020/5/8,T2006.CFE,0.0264,TF2006.CFE,0.019533333,68.67,67.05
2020/5/11,T2006.CFE,0.0272,TF2006.CFE,0.0204,68,66.93
2020/5/12,T2006.CFE,0.0268,TF2006.CFE,0.020233333,65.67,65.1
2020/5/13,T2006.CFE,0.027233333,TF2006.CFE,0.020233333,70,63.18
2020/5/14,T2006.CFE,0.027266667,TF2006.CFE,0.020033333,72.33,65.64
2020/5/15,T2009.CFE,0.0281,TF2009.CFE,0.020933333,71.67,70.06
2020/5/18,T2009.CFE,0.029,TF2009.CFE,0.022033333,69.67,66.08
2020/5/19,T2009.CFE,0.0287,TF2009.CFE,0.0224,63,61.91
2020/5/20,T2009.CFE,0.028333333,TF2009.CFE,0.022833333,55,55.09
2020/5/21,T2009.CFE,0.028166667,TF2009.CFE,0.022933333,52.33,52.33
2020/5/22,T2009.CFE,0.027366667,TF2009.CFE,0.0218,55.67,55.29
2020/5/25,T2009.CFE,0.027966667,TF2009.CFE,0.022766667,52,54.57
2020/5/26,T2009.CFE,0.0286,TF2009.CFE,0.0238,48,51.16
2020/5/27,T2009.CFE,0.028566667,TF2009.CFE,0.0245,40.67,45.97
2020/5/28,T2009.CFE,0.027966667,TF2009.CFE,0.0237,42.67,46.85
2020/5/29,T2009.CFE,0.028266667,TF2009.CFE,0.0237,45.67,49.74
2020/6/1,T2009.CFE,0.0287,TF2009.CFE,0.0239,48,48.62
2020/6/2,T2009.CFE,0.0292,TF2009.CFE,0.025066667,41.33,41.89
2020/6/3,T2009.CFE,0.0295,TF2009.CFE,0.025233333,42.67,41.12
2020/6/4,T2009.CFE,0.0298,TF2009.CFE,0.025866667,39.33,35.54
2020/6/5,T2009.CFE,0.0302,TF2009.CFE,0.0264,38,32.71
2020/6/8,T2009.CFE,0.0297,TF2009.CFE,0.026,37,31.29
2020/6/9,T2009.CFE,0.0298,TF2009.CFE,0.025666667,41.33,32.04
2020/6/10,T2009.CFE,0.0299,TF2009.CFE,0.026033333,38.67,29.97
2020/6/11,T2009.CFE,0.029233333,TF2009.CFE,0.025666667,35.67,27.83
2020/6/12,T2009.CFE,0.0289,TF2009.CFE,0.025266667,36.33,27.79
2020/6/15,T2009.CFE,0.028466667,TF2009.CFE,0.024866667,36,26.81
2020/6/16,T2009.CFE,0.0297,TF2009.CFE,0.026166667,35.33,23.41
2020/6/17,T2009.CFE,0.0298,TF2009.CFE,0.0266,32,23.55
2020/6/18,T2009.CFE,0.029733333,TF2009.CFE,0.0266,31.33,23.43
2020/6/19,T2009.CFE,0.0298,TF2009.CFE,0.0268,30,26.65
2020/6/22,T2009.CFE,0.0299,TF2009.CFE,0.026633333,32.67,26.24
2020/6/23,T2009.CFE,0.0302,TF2009.CFE,0.0271,31,24.7
2020/6/24,T2009.CFE,0.0297,TF2009.CFE,0.026033333,36.67,26.59
2020/6/29,T2009.CFE,0.0296,TF2009.CFE,0.0258,38,27.14
2020/6/30,T2009.CFE,0.0295,TF2009.CFE,0.025833333,36.67,26
2020/7/1,T2009.CFE,0.0296,TF2009.CFE,0.025933333,36.67,24.99
2020/7/2,T2009.CFE,0.0295,TF2009.CFE,0.025766667,37.33,26.89
2020/7/3,T2009.CFE,0.03,TF2009.CFE,0.026,40,29.19
2020/7/6,T2009.CFE,0.0311,TF2009.CFE,0.0282,29,22.01
2020/7/7,T2009.CFE,0.0312,TF2009.CFE,0.028466667,27.33,20.84
2020/7/8,T2009.CFE,0.0318,TF2009.CFE,0.029266667,25.33,19.81
2020/7/9,T2009.CFE,0.0318,TF2009.CFE,0.0295,23,19.38
2020/7/10,T2009.CFE,0.031666667,TF2009.CFE,0.029,26.67,18.1
2020/7/13,T2009.CFE,0.0319,TF2009.CFE,0.0296,23,16.33
2020/7/14,T2009.CFE,0.031666667,TF2009.CFE,0.029066667,26,16.57
2020/7/15,T2009.CFE,0.0312,TF2009.CFE,0.028433333,27.67,19.14
2020/7/16,T2009.CFE,0.0309,TF2009.CFE,0.0279,30,23.04
2020/7/17,T2009.CFE,0.031,TF2009.CFE,0.028066667,29.33,23.08
2020/7/20,T2009.CFE,0.031,TF2009.CFE,0.027866667,31.33,24.15
2020/7/21,T2009.CFE,0.0308,TF2009.CFE,0.0273,35,25.64
2020/7/22,T2009.CFE,0.0304,TF2009.CFE,0.0268,36,26.18
2020/7/23,T2009.CFE,0.0303,TF2009.CFE,0.0269,34,25.99
2020/7/24,T2009.CFE,0.03,TF2009.CFE,0.0266,34,23.91
2020/7/27,T2009.CFE,0.0302,TF2009.CFE,0.0268,34,24.37
2020/7/28,T2009.CFE,0.0306,TF2009.CFE,0.027366667,32.33,24.71
2020/7/29,T2009.CFE,0.0309,TF2009.CFE,0.0277,32,25.44
2020/7/30,T2009.CFE,0.031,TF2009.CFE,0.0277,33,26.38
2020/7/31,T2009.CFE,0.031366667,TF2009.CFE,0.028166667,32,25.42
2020/8/3,T2009.CFE,0.0311,TF2009.CFE,0.0275,36,25.6
2020/8/4,T2009.CFE,0.031,TF2009.CFE,0.027866667,31.33,23.23
2020/8/5,T2009.CFE,0.0312,TF2009.CFE,0.028433333,27.67,19.01
2020/8/6,T2009.CFE,0.0313,TF2009.CFE,0.028833333,24.67,15.29
2020/8/7,T2009.CFE,0.0314,TF2009.CFE,0.028866667,25.33,15.09
2020/8/10,T2009.CFE,0.030966667,TF2009.CFE,0.028266667,27,14.26
2020/8/11,T2009.CFE,0.031,TF2009.CFE,0.028566667,24.33,12.76
2020/8/12,T2009.CFE,0.031,TF2009.CFE,0.028533333,24.67,9.19
2020/8/13,T2009.CFE,0.0307,TF2009.CFE,0.028266667,24.33,11.2
2020/8/14,T2009.CFE,0.0306,TF2009.CFE,0.028066667,25.33,11.92
2020/8/17,T2009.CFE,0.0306,TF2009.CFE,0.0278,28,12.69
2020/8/18,T2009.CFE,0.0308,TF2009.CFE,0.028066667,27.33,12.38
2020/8/19,T2009.CFE,0.0311,TF2009.CFE,0.028566667,25.33,10.69
2020/8/20,T2012.CFE,0.032233333,TF2012.CFE,0.0301,21.33,9.17
2020/8/21,T2012.CFE,0.031966667,TF2012.CFE,0.0298,21.67,10.07
2020/8/24,T2012.CFE,0.032033333,TF2012.CFE,0.0298,22.33,9.48
2020/8/25,T2012.CFE,0.0326,TF2012.CFE,0.0304,22,9.53
2020/8/26,T2012.CFE,0.032766667,TF2012.CFE,0.030666667,21,8.52
2020/8/27,T2012.CFE,0.032666667,TF2012.CFE,0.0307,19.67,6.88
2020/8/28,T2012.CFE,0.032866667,TF2012.CFE,0.030966667,19,8.57
2020/8/31,T2012.CFE,0.032466667,TF2012.CFE,0.0304,20.67,6.03
2020/9/1,T2012.CFE,0.032566667,TF2012.CFE,0.030566667,20,5.65
2020/9/2,T2012.CFE,0.032866667,TF2012.CFE,0.0311,17.67,4.59
2020/9/3,T2012.CFE,0.032766667,TF2012.CFE,0.0312,15.67,1.63
2020/9/4,T2012.CFE,0.032866667,TF2012.CFE,0.031366667,15,2.83
2020/9/7,T2012.CFE,0.033066667,TF2012.CFE,0.031533333,15.33,4.48
2020/9/8,T2012.CFE,0.0326,TF2012.CFE,0.0311,15,3.5
2020/9/9,T2012.CFE,0.032233333,TF2012.CFE,0.0305,17.33,4.55
2020/9/10,T2012.CFE,0.032066667,TF2012.CFE,0.0301,19.67,8.5
2020/9/11,T2012.CFE,0.032566667,TF2012.CFE,0.0306,19.67,9.43
2020/9/14,T2012.CFE,0.032966667,TF2012.CFE,0.030866667,21,8.67
2020/9/15,T2012.CFE,0.032466667,TF2012.CFE,0.03,24.67,10.87
2020/9/16,T2012.CFE,0.032466667,TF2012.CFE,0.03,24.67,0
,,,,,,0
,,,,,,0
,,,,,,0
,,,,,,0
,,,,,,0
,,,,,,0
,,,,,,0
,,,,,,0
,,,,,,0
,,,,,,0
,,,,,,0
,,,,,,0
,,,,,,0
,,,,,,0
,,,,,,0
,,,,,,0
,,,,,,0
,,,,,,0
,,,,,,0
,,,,,,0
,,,,,,0
,,,,,,0
,,,,,,0
,,,,,,0
,,,,,,0
,,,,,,0
,,,,,,0
,,,,,,0
,,,,,,0
,,,,,,0
,,,,,,0
,,,,,,0
,,,,,,0
,,,,,,0
,,,,,,0
,,,,,,0
,,,,,,0
,,,,,,0
,,,,,,0
,,,,,,0
,,,,,,0
,,,,,,0
,,,,,,0
,,,,,,0
,,,,,,0
,,,,,,0
,,,,,,0
,,,,,,0
,,,,,,0
,,,,,,0
,,,,,,0
,,,,,,0
,,,,,,0
,,,,,,0
,,,,,,0
,,,,,,0
,,,,,,0
,,,,,,0
,,,,,,0
,,,,,,0
,,,,,,0
,,,,,,0
,,,,,,0
,,,,,,0
,,,,,,0
,,,,,,0
,,,,,,0
,,,,,,0
,,,,,,0
,,,,,,0
,,,,,,0
,,,,,,0
,,,,,,0
,,,,,,0
,,,,,,0
,,,,,,0
,,,,,,0
,,,,,,0
,,,,,,0
,,,,,,0
,,,,,,0
,,,,,,0
,,,,,,0
,,,,,,0
,,,,,,0
,,,,,,0
,,,,,,0
,,,,,,0
,,,,,,0
,,,,,,0
,,,,,,0
,,,,,,0
,,,,,,0
,,,,,,0
,,,,,,0
,,,,,,0
,,,,,,0
,,,,,,0
,,,,,,0
,,,,,,0
,,,,,,0
,,,,,,0
,,,,,,0
,,,,,,0
,,,,,,0
,,,,,,0
,,,,,,0
,,,,,,0
,,,,,,0
,,,,,,0
,,,,,,0
,,,,,,0
,,,,,,0
,,,,,,0
,,,,,,0
,,,,,,0
,,,,,,0
,,,,,,0
,,,,,,0
,,,,,,0
,,,,,,0
,,,,,,0
,,,,,,0
,,,,,,0
,,,,,,0
,,,,,,0
,,,,,,0
,,,,,,0
,,,,,,0
,,,,,,0
,,,,,,0
,,,,,,0
,,,,,,0
,,,,,,0
,,,,,,0
,,,,,,0
,,,,,,0
,,,,,,0
,,,,,,0
,,,,,,0
,,,,,,0
,,,,,,0
,,,,,,0
,,,,,,0
,,,,,,0
,,,,,,0
,,,,,,0
,,,,,,0
,,,,,,0
,,,,,,0
,,,,,,0
,,,,,,0
,,,,,,0
,,,,,,0
,,,,,,0
,,,,,,0
,,,,,,0
,,,,,,0
,,,,,,0
,,,,,,0
,,,,,,0
,,,,,,0
,,,,,,0
,,,,,,0
,,,,,,0
,,,,,,0
,,,,,,0
,,,,,,0
,,,,,,0
,,,,,,0
,,,,,,0
,,,,,,0
,,,,,,0
,,,,,,0
,,,,,,0
,,,,,,0
,,,,,,0
,,,,,,0
,,,,,,0
,,,,,,0
,,,,,,0
,,,,,,0
,,,,,,0
,,,,,,0
,,,,,,0
,,,,,,0
,,,,,,0
,,,,,,0
,,,,,,0
,,,,,,0
,,,,,,0
,,,,,,0
,,,,,,0
,,,,,,0
,,,,,,0
,,,,,,0
,,,,,,0
,,,,,,0
,,,,,,0
,,,,,,0
,,,,,,0
,,,,,,0
,,,,,,0
,,,,,,0
,,,,,,0
,,,,,,0
,,,,,,0
,,,,,,0
,,,,,,0
,,,,,,0
,,,,,,0
,,,,,,0
,,,,,,0
,,,,,,0
,,,,,,0
,,,,,,0
,,,,,,0
,,,,,,0
,,,,,,0
,,,,,,0
,,,,,,0
,,,,,,0
,,,,,,0
,,,,,,0
,,,,,,0
,,,,,,0
,,,,,,0
,,,,,,0
,,,,,,0
,,,,,,0
,,,,,,0
,,,,,,0
,,,,,,0
,,,,,,0
,,,,,,0
,,,,,,0
,,,,,,0
,,,,,,0
,,,,,,0
,,,,,,0
,,,,,,0
,,,,,,0
,,,,,,0
,,,,,,0
,,,,,,0
,,,,,,0
,,,,,,0
,,,,,,0
,,,,,,0
,,,,,,0
,,,,,,0
,,,,,,0
,,,,,,0
,,,,,,0
,,,,,,0
,,,,,,0
,,,,,,0
,,,,,,0
,,,,,,0
,,,,,,0
,,,,,,0
,,,,,,0
,,,,,,0
,,,,,,0
,,,,,,0
,,,,,,0
,,,,,,0
,,,,,,0
,,,,,,0
,,,,,,0
,,,,,,0
,,,,,,0
,,,,,,0
,,,,,,0
,,,,,,0
,,,,,,0
,,,,,,0
,,,,,,0
,,,,,,0
,,,,,,0
,,,,,,0
,,,,,,0
,,,,,,0
,,,,,,0
,,,,,,0
,,,,,,0
,,,,,,0
,,,,,,0
,,,,,,0
,,,,,,0
,,,,,,0
,,,,,,0
,,,,,,0
,,,,,,0
,,,,,,0
,,,,,,0
,,,,,,0
,,,,,,0
,,,,,,0
,,,,,,0
,,,,,,0
,,,,,,0
,,,,,,0
,,,,,,0
,,,,,,0
,,,,,,0
,,,,,,0
,,,,,,0
,,,,,,0
,,,,,,0
,,,,,,0
,,,,,,0
,,,,,,0
,,,,,,0
,,,,,,0
,,,,,,0
,,,,,,0
,,,,,,0
,,,,,,0
,,,,,,0
,,,,,,0
,,,,,,0
,,,,,,0
,,,,,,0
,,,,,,0
,,,,,,0
,,,,,,0
,,,,,,0
,,,,,,0
,,,,,,0
,,,,,,0
,,,,,,0
,,,,,,0
,,,,,,0
,,,,,,0
,,,,,,0
,,,,,,0
,,,,,,0
,,,,,,0
,,,,,,0
,,,,,,0
,,,,,,0
,,,,,,0
,,,,,,0
,,,,,,0
,,,,,,0
,,,,,,0
,,,,,,0
,,,,,,0
,,,,,,0
,,,,,,0
,,,,,,0
,,,,,,0
,,,,,,0
,,,,,,0
,,,,,,0
,,,,,,0
,,,,,,0
,,,,,,0
,,,,,,0
,,,,,,0
,,,,,,0
,,,,,,0
,,,,,,0
,,,,,,0
,,,,,,0
,,,,,,0
,,,,,,0
,,,,,,0
,,,,,,0
,,,,,,0
,,,,,,0
,,,,,,0
,,,,,,0
,,,,,,0
,,,,,,0
,,,,,,0
,,,,,,0
,,,,,,0
,,,,,,0
,,,,,,0
,,,,,,0
,,,,,,0
,,,,,,0
,,,,,,0
,,,,,,0
,,,,,,0
,,,,,,0
,,,,,,0
,,,,,,0
,,,,,,0
,,,,,,0
,,,,,,0
,,,,,,0
,,,,,,0
,,,,,,0
,,,,,,0
,,,,,,0
,,,,,,0
,,,,,,0
,,,,,,0
,,,,,,0
,,,,,,0
,,,,,,0
,,,,,,0
,,,,,,0
,,,,,,0
,,,,,,0
,,,,,,0
,,,,,,0
,,,,,,0
,,,,,,0
,,,,,,0
,,,,,,0
,,,,,,0
,,,,,,0
,,,,,,0
,,,,,,0
,,,,,,0
,,,,,,0
,,,,,,0
,,,,,,0
,,,,,,0
,,,,,,0
,,,,,,0
,,,,,,0
,,,,,,0
,,,,,,0
,,,,,,0
,,,,,,0
,,,,,,0
,,,,,,0
,,,,,,0
,,,,,,0
,,,,,,0
,,,,,,0
,,,,,,0
,,,,,,0
,,,,,,0
,,,,,,0
,,,,,,0
,,,,,,0
,,,,,,0
,,,,,,0
,,,,,,0
,,,,,,0
,,,,,,0
,,,,,,0
,,,,,,0
,,,,,,0
,,,,,,0
,,,,,,0
,,,,,,0
,,,,,,0
,,,,,,0
,,,,,,0
,,,,,,0
,,,,,,0
,,,,,,0
,,,,,,0
,,,,,,0
,,,,,,0
,,,,,,0
,,,,,,0
,,,,,,0
,,,,,,0
,,,,,,0
,,,,,,0
,,,,,,0
,,,,,,0
,,,,,,0
,,,,,,0
,,,,,,0
,,,,,,0
,,,,,,0
,,,,,,0
,,,,,,0
,,,,,,0
,,,,,,0
,,,,,,0
,,,,,,0
,,,,,,0
,,,,,,0
,,,,,,0
,,,,,,0
,,,,,,0
,,,,,,0
,,,,,,0
,,,,,,0
,,,,,,0
,,,,,,0
,,,,,,0
,,,,,,0
,,,,,,0
,,,,,,0
,,,,,,0
,,,,,,0
,,,,,,0
,,,,,,0
,,,,,,0
,,,,,,0
,,,,,,0
,,,,,,0
,,,,,,0
,,,,,,0
,,,,,,0
,,,,,,0
,,,,,,0
,,,,,,0
,,,,,,0
,,,,,,0
,,,,,,0
,,,,,,0
,,,,,,0
,,,,,,0
,,,,,,0
,,,,,,0
,,,,,,0
,,,,,,0
,,,,,,0
,,,,,,0
,,,,,,0
,,,,,,0
,,,,,,0
,,,,,,0
,,,,,,0
,,,,,,0
,,,,,,0
,,,,,,0
,,,,,,0
,,,,,,0
,,,,,,0
,,,,,,0
,,,,,,0
,,,,,,0
,,,,,,0
,,,,,,0
,,,,,,0
,,,,,,0
,,,,,,0
,,,,,,0
,,,,,,0
,,,,,,0
,,,,,,0
,,,,,,0
,,,,,,0
,,,,,,0
,,,,,,0
,,,,,,0
,,,,,,0
,,,,,,0
,,,,,,0
,,,,,,0
,,,,,,0
,,,,,,0
,,,,,,0
,,,,,,0
,,,,,,0
,,,,,,0
,,,,,,0
,,,,,,0
,,,,,,0
,,,,,,0
,,,,,,0
,,,,,,0
,,,,,,0
,,,,,,0
,,,,,,0
,,,,,,0
,,,,,,0
,,,,,,0
,,,,,,0
,,,,,,0
,,,,,,0
,,,,,,0
,,,,,,0
,,,,,,0
,,,,,,0
,,,,,,0
,,,,,,0
,,,,,,0
,,,,,,0
,,,,,,0
,,,,,,0
,,,,,,0
,,,,,,0
,,,,,,0
,,,,,,0
,,,,,,0
,,,,,,0
,,,,,,0
,,,,,,0
,,,,,,0
,,,,,,0
,,,,,,0
,,,,,,0
,,,,,,0
,,,,,,0
,,,,,,0
,,,,,,0
,,,,,,0
,,,,,,0
,,,,,,0
,,,,,,0
,,,,,,0
,,,,,,0
,,,,,,0
,,,,,,0
,,,,,,0
,,,,,,0
,,,,,,0
,,,,,,0
,,,,,,0
,,,,,,0
,,,,,,0
,,,,,,0
,,,,,,0
,,,,,,0
,,,,,,0
,,,,,,0
,,,,,,0
,,,,,,0
,,,,,,0
,,,,,,0
,,,,,,0
,,,,,,0
,,,,,,0
,,,,,,0
,,,,,,0
,,,,,,0
,,,,,,0
,,,,,,0
,,,,,,0
,,,,,,0
,,,,,,0
,,,,,,0
,,,,,,0
,,,,,,0
,,,,,,0
,,,,,,0
,,,,,,0
,,,,,,0
,,,,,,0
,,,,,,0
,,,,,,0
,,,,,,0
,,,,,,0
,,,,,,0
,,,,,,0
,,,,,,0
,,,,,,0
,,,,,,0
,,,,,,0
,,,,,,0
,,,,,,0
,,,,,,0
,,,,,,0
,,,,,,0
,,,,,,0
,,,,,,0
,,,,,,0
,,,,,,0
,,,,,,0
,,,,,,0
,,,,,,0
,,,,,,0
,,,,,,0
,,,,,,0
,,,,,,0
,,,,,,0
,,,,,,0
,,,,,,0
,,,,,,0
,,,,,,0
,,,,,,0
,,,,,,0
,,,,,,0
,,,,,,0
,,,,,,0
,,,,,,0
,,,,,,0
,,,,,,0
,,,,,,0
,,,,,,0
,,,,,,0
,,,,,,0
,,,,,,0
,,,,,,0
,,,,,,0
,,,,,,0
,,,,,,0
,,,,,,0
,,,,,,0
,,,,,,0
,,,,,,0
,,,,,,0
,,,,,,0
,,,,,,0
,,,,,,0
,,,,,,0
,,,,,,0
,,,,,,0
,,,,,,0
,,,,,,0
,,,,,,0
,,,,,,0
,,,,,,0
,,,,,,0
,,,,,,0
,,,,,,0
,,,,,,0
,,,,,,0
,,,,,,0
,,,,,,0
,,,,,,0
,,,,,,0
,,,,,,0
,,,,,,0
,,,,,,0
,,,,,,0
,,,,,,0
,,,,,,0
,,,,,,0
,,,,,,0
,,,,,,0
,,,,,,0
,,,,,,0
,,,,,,0
,,,,,,0
,,,,,,0
,,,,,,0
,,,,,,0
,,,,,,0
,,,,,,0
,,,,,,0
,,,,,,0
,,,,,,0
,,,,,,0
,,,,,,0
,,,,,,0
,,,,,,0
,,,,,,0
,,,,,,0
,,,,,,0
,,,,,,0
,,,,,,0
,,,,,,0
,,,,,,0
,,,,,,0
,,,,,,0
,,,,,,0
,,,,,,0
,,,,,,0
,,,,,,0
,,,,,,0
,,,,,,0
,,,,,,0
,,,,,,0
,,,,,,0
,,,,,,0
,,,,,,0
,,,,,,0
,,,,,,0
,,,,,,0
,,,,,,0
,,,,,,0
,,,,,,0
,,,,,,0
,,,,,,0
,,,,,,0
,,,,,,0
,,,,,,0
,,,,,,0
,,,,,,0
,,,,,,0
,,,,,,0
,,,,,,0
,,,,,,0
,,,,,,0
,,,,,,0
,,,,,,0
,,,,,,0
,,,,,,0
,,,,,,0
,,,,,,0
,,,,,,0
,,,,,,0
,,,,,,0
,,,,,,0
,,,,,,0
,,,,,,0
,,,,,,0
,,,,,,0
,,,,,,0
,,,,,,0
,,,,,,0
,,,,,,0
,,,,,,0
,,,,,,0
,,,,,,0
,,,,,,0
,,,,,,0
,,,,,,0
,,,,,,0
,,,,,,0
,,,,,,0
,,,,,,0
,,,,,,0
,,,,,,0
,,,,,,0
,,,,,,0
,,,,,,0
,,,,,,0
,,,,,,0
,,,,,,0
,,,,,,0
,,,,,,0
,,,,,,0
,,,,,,0
,,,,,,0
,,,,,,0
,,,,,,0
,,,,,,0
,,,,,,0
,,,,,,0
,,,,,,0
,,,,,,0
,,,,,,0
,,,,,,0
,,,,,,0
,,,,,,0
,,,,,,0
,,,,,,0
,,,,,,0
,,,,,,0
,,,,,,0
,,,,,,0
,,,,,,0
,,,,,,0
,,,,,,0
,,,,,,0
,,,,,,0
,,,,,,0
,,,,,,0
,,,,,,0
,,,,,,0
,,,,,,0
,,,,,,0
,,,,,,0
,,,,,,0
,,,,,,0
,,,,,,0
,,,,,,0
,,,,,,0
,,,,,,0
,,,,,,0
,,,,,,0
,,,,,,0
,,,,,,0
,,,,,,0
,,,,,,0
,,,,,,0
,,,,,,0
,,,,,,0
,,,,,,0
,,,,,,0
,,,,,,0
,,,,,,0
,,,,,,0
,,,,,,0
,,,,,,0
,,,,,,0
,,,,,,0
,,,,,,0
,,,,,,0
,,,,,,0
,,,,,,0
,,,,,,0
,,,,,,0
,,,,,,0
,,,,,,0
,,,,,,0
,,,,,,0
,,,,,,0
,,,,,,0
,,,,,,0
,,,,,,0
,,,,,,0
,,,,,,0
,,,,,,0
,,,,,,0
,,,,,,0
,,,,,,0
,,,,,,0
,,,,,,0
,,,,,,0
,,,,,,0
,,,,,,0
,,,,,,0
,,,,,,0
,,,,,,0
,,,,,,0
,,,,,,0
,,,,,,0
,,,,,,0
,,,,,,0
,,,,,,0
,,,,,,0
,,,,,,0
,,,,,,0
,,,,,,0
,,,,,,0
,,,,,,0
,,,,,,0
,,,,,,0
,,,,,,0
,,,,,,0
,,,,,,0
,,,,,,0
,,,,,,0
,,,,,,0
,,,,,,0
,,,,,,0
,,,,,,0
,,,,,,0
,,,,,,0
,,,,,,0
,,,,,,0
,,,,,,0
,,,,,,0
,,,,,,0
,,,,,,0
,,,,,,0
,,,,,,0
,,,,,,0
,,,,,,0
,,,,,,0
,,,,,,0
,,,,,,0
,,,,,,0
,,,,,,0
,,,,,,0
,,,,,,0
,,,,,,0
,,,,,,0
,,,,,,0
,,,,,,0
,,,,,,0
,,,,,,0
,,,,,,0
,,,,,,0
,,,,,,0
,,,,,,0
,,,,,,0
,,,,,,0
,,,,,,0
,,,,,,0
,,,,,,0
,,,,,,0
,,,,,,0
,,,,,,0
,,,,,,0
,,,,,,0
,,,,,,0
,,,,,,0
,,,,,,0
,,,,,,0
,,,,,,0
,,,,,,0
,,,,,,0
,,,,,,0
,,,,,,0
,,,,,,0
,,,,,,0
,,,,,,0
,,,,,,0
,,,,,,0
,,,,,,0
,,,,,,0
,,,,,,0
,,,,,,0
,,,,,,0
,,,,,,0
,,,,,,0
,,,,,,0
,,,,,,0
,,,,,,0
,,,,,,0
,,,,,,0
,,,,,,0
,,,,,,0
,,,,,,0
,,,,,,0
,,,,,,0
,,,,,,0
,,,,,,0
,,,,,,0
,,,,,,0
,,,,,,0
,,,,,,0
,,,,,,0
,,,,,,0
,,,,,,0
,,,,,,0
,,,,,,0
,,,,,,0
,,,,,,0
,,,,,,0
,,,,,,0
,,,,,,0
,,,,,,0
,,,,,,0
,,,,,,0
,,,,,,0
,,,,,,0
,,,,,,0
,,,,,,0
,,,,,,0
,,,,,,0
,,,,,,0
,,,,,,0
,,,,,,0
,,,,,,0
,,,,,,0
,,,,,,0
,,,,,,0
,,,,,,0
,,,,,,0
,,,,,,0
,,,,,,0
,,,,,,0
,,,,,,0
,,,,,,0
,,,,,,0
,,,,,,0
,,,,,,0
,,,,,,0
,,,,,,0
,,,,,,0
,,,,,,0
,,,,,,0
,,,,,,0
,,,,,,0
,,,,,,0
,,,,,,0
,,,,,,0
,,,,,,0
,,,,,,0
,,,,,,0
,,,,,,0
,,,,,,0
,,,,,,0
,,,,,,0
,,,,,,0
,,,,,,0
,,,,,,0
,,,,,,0
,,,,,,0
,,,,,,0
,,,,,,0
,,,,,,0
,,,,,,0
,,,,,,0
,,,,,,0
,,,,,,0
,,,,,,0
,,,,,,0
,,,,,,0
,,,,,,0
,,,,,,0
,,,,,,0
,,,,,,0
,,,,,,0
,,,,,,0
,,,,,,0
,,,,,,0
,,,,,,0
,,,,,,0
,,,,,,0
,,,,,,0
,,,,,,0
,,,,,,0
,,,,,,0
,,,,,,0
,,,,,,0
,,,,,,0
,,,,,,0
,,,,,,0
,,,,,,0
,,,,,,0
,,,,,,0
,,,,,,0
,,,,,,0
,,,,,,0
,,,,,,0
,,,,,,0
,,,,,,0
,,,,,,0
,,,,,,0
,,,,,,0
,,,,,,0
,,,,,,0
,,,,,,0
,,,,,,0
,,,,,,0
,,,,,,0
,,,,,,0
,,,,,,0
,,,,,,0
,,,,,,0
,,,,,,0
,,,,,,0
,,,,,,0
,,,,,,0
,,,,,,0
,,,,,,0
,,,,,,0
,,,,,,0
,,,,,,0
,,,,,,0
,,,,,,0
,,,,,,0
,,,,,,0
,,,,,,0
,,,,,,0
,,,,,,0
,,,,,,0
,,,,,,0
,,,,,,0
,,,,,,0
,,,,,,0
,,,,,,0
,,,,,,0
,,,,,,0
,,,,,,0
,,,,,,0
,,,,,,0
,,,,,,0
,,,,,,0
,,,,,,0
,,,,,,0
,,,,,,0
,,,,,,0
,,,,,,0
,,,,,,0
,,,,,,0
,,,,,,0
,,,,,,0
,,,,,,0
,,,,,,0
,,,,,,0
,,,,,,0
,,,,,,0
,,,,,,0
,,,,,,0
,,,,,,0
,,,,,,0
,,,,,,0
,,,,,,0
,,,,,,0
,,,,,,0
,,,,,,0
,,,,,,0
,,,,,,0
,,,,,,0
,,,,,,0
,,,,,,0
,,,,,,0
,,,,,,0
,,,,,,0
,,,,,,0
,,,,,,0
,,,,,,0
,,,,,,0
,,,,,,0
,,,,,,0
,,,,,,0
,,,,,,0
,,,,,,0
,,,,,,0
,,,,,,0
,,,,,,0
,,,,,,0
,,,,,,0
,,,,,,0
,,,,,,0
,,,,,,0
,,,,,,0
,,,,,,0
,,,,,,0
,,,,,,0
,,,,,,0
,,,,,,0
,,,,,,0
,,,,,,0
,,,,,,0
,,,,,,0
,,,,,,0
,,,,,,0
,,,,,,0
,,,,,,0
,,,,,,0
,,,,,,0
,,,,,,0
,,,,,,0
,,,,,,0
,,,,,,0
,,,,,,0
,,,,,,0
,,,,,,0
,,,,,,0
,,,,,,0
,,,,,,0
,,,,,,0
,,,,,,0
,,,,,,0
,,,,,,0
,,,,,,0
,,,,,,0
,,,,,,0
,,,,,,0
,,,,,,0
,,,,,,0
,,,,,,0
,,,,,,0
,,,,,,0
,,,,,,0
,,,,,,0
,,,,,,0
,,,,,,0
,,,,,,0
,,,,,,0
,,,,,,0
,,,,,,0
,,,,,,0
,,,,,,0
,,,,,,0
,,,,,,0
,,,,,,0
,,,,,,0
,,,,,,0
,,,,,,0
,,,,,,0
,,,,,,0
,,,,,,0
,,,,,,0
,,,,,,0
,,,,,,0
,,,,,,0
,,,,,,0
,,,,,,0
,,,,,,0
,,,,,,0
,,,,,,0
,,,,,,0
,,,,,,0
,,,,,,0
,,,,,,0
,,,,,,0
,,,,,,0
,,,,,,0
,,,,,,0
,,,,,,0
,,,,,,0
,,,,,,0
,,,,,,0
,,,,,,0
,,,,,,0
,,,,,,0
,,,,,,0
,,,,,,0
,,,,,,0
,,,,,,0
,,,,,,0
,,,,,,0
,,,,,,0
,,,,,,0
,,,,,,0
,,,,,,0
,,,,,,0
,,,,,,0
,,,,,,0
,,,,,,0
,,,,,,0
,,,,,,0
,,,,,,0
,,,,,,0
,,,,,,0
,,,,,,0
,,,,,,0
,,,,,,0
,,,,,,0
,,,,,,0
,,,,,,0
,,,,,,0
,,,,,,0
,,,,,,0
,,,,,,0
,,,,,,0
,,,,,,0
,,,,,,0
,,,,,,0
,,,,,,0
,,,,,,0
,,,,,,0
,,,,,,0
,,,,,,0
,,,,,,0
,,,,,,0
,,,,,,0
,,,,,,0
,,,,,,0
,,,,,,0
,,,,,,0
,,,,,,0
,,,,,,0
,,,,,,0
,,,,,,0
,,,,,,0
,,,,,,0
,,,,,,0
,,,,,,0
,,,,,,0
,,,,,,0
,,,,,,0
,,,,,,0
,,,,,,0
,,,,,,0
,,,,,,0
,,,,,,0
,,,,,,0
,,,,,,0
,,,,,,0
,,,,,,0
,,,,,,0
,,,,,,0
,,,,,,0
,,,,,,0
,,,,,,0
,,,,,,0
,,,,,,0
,,,,,,0
,,,,,,0
,,,,,,0
,,,,,,0
,,,,,,0
,,,,,,0
,,,,,,0
,,,,,,0
,,,,,,0
,,,,,,0
,,,,,,0
,,,,,,0
,,,,,,0
,,,,,,0
,,,,,,0
,,,,,,0
,,,,,,0
,,,,,,0
,,,,,,0
,,,,,,0
,,,,,,0
,,,,,,0
,,,,,,0
,,,,,,0
,,,,,,0
,,,,,,0
,,,,,,0
,,,,,,0
,,,,,,0
,,,,,,0
,,,,,,0
,,,,,,0
,,,,,,0
,,,,,,0
,,,,,,0
,,,,,,0
,,,,,,0
,,,,,,0
,,,,,,0
,,,,,,0
,,,,,,0
,,,,,,0
,,,,,,0
,,,,,,0
,,,,,,0
,,,,,,0
,,,,,,0
,,,,,,0
,,,,,,0
,,,,,,0
,,,,,,0
,,,,,,0
,,,,,,0
,,,,,,0
,,,,,,0
,,,,,,0
,,,,,,0
,,,,,,0
,,,,,,0
,,,,,,0
,,,,,,0
,,,,,,0
,,,,,,0
,,,,,,0
,,,,,,0
,,,,,,0
,,,,,,0
,,,,,,0
,,,,,,0
,,,,,,0
,,,,,,0
,,,,,,0
,,,,,,0
,,,,,,0
,,,,,,0
,,,,,,0
,,,,,,0
,,,,,,0
,,,,,,0
,,,,,,0
,,,,,,0
,,,,,,0
,,,,,,0
,,,,,,0
,,,,,,0
,,,,,,0
,,,,,,0
,,,,,,0
,,,,,,0
,,,,,,0
,,,,,,0
,,,,,,0
,,,,,,0
,,,,,,0
,,,,,,0
,,,,,,0
,,,,,,0
,,,,,,0
,,,,,,0
,,,,,,0
,,,,,,0
,,,,,,0
,,,,,,0
,,,,,,0
,,,,,,0
,,,,,,0
,,,,,,0
,,,,,,0
,,,,,,0
,,,,,,0
,,,,,,0
,,,,,,0
,,,,,,0
,,,,,,0
,,,,,,0
,,,,,,0
,,,,,,0
,,,,,,0
,,,,,,0
,,,,,,0
,,,,,,0
,,,,,,0
,,,,,,0
,,,,,,0
,,,,,,0
,,,,,,0
,,,,,,0
,,,,,,0
,,,,,,0
,,,,,,0
,,,,,,0
,,,,,,0
,,,,,,0
,,,,,,0
,,,,,,0
,,,,,,0
,,,,,,0
,,,,,,0
,,,,,,0
,,,,,,0
,,,,,,0
,,,,,,0
,,,,,,0
,,,,,,0
,,,,,,0
,,,,,,0
,,,,,,0
,,,,,,0
,,,,,,0
,,,,,,0
,,,,,,0
,,,,,,0
,,,,,,0
,,,,,,0
,,,,,,0
,,,,,,0
,,,,,,0
,,,,,,0
,,,,,,0
,,,,,,0
,,,,,,0
,,,,,,0
,,,,,,0
,,,,,,0
,,,,,,0
,,,,,,0
,,,,,,0
,,,,,,0
,,,,,,0
,,,,,,0
,,,,,,0
,,,,,,0
,,,,,,0
,,,,,,0
,,,,,,0
,,,,,,0
,,,,,,0
,,,,,,0
,,,,,,0
,,,,,,0
,,,,,,0
,,,,,,0
,,,,,,0
,,,,,,0
,,,,,,0
,,,,,,0
,,,,,,0
,,,,,,0
,,,,,,0
,,,,,,0
,,,,,,0
,,,,,,0
,,,,,,0
,,,,,,0
,,,,,,0
,,,,,,0
,,,,,,0
,,,,,,0
,,,,,,0
,,,,,,0
,,,,,,0
,,,,,,0
,,,,,,0
,,,,,,0
,,,,,,0
,,,,,,0
,,,,,,0
,,,,,,0
,,,,,,0
,,,,,,0
,,,,,,0
,,,,,,0
,,,,,,0
,,,,,,0
,,,,,,0
,,,,,,0
,,,,,,0
,,,,,,0
,,,,,,0
,,,,,,0
,,,,,,0
,,,,,,0
,,,,,,0
,,,,,,0
,,,,,,0
,,,,,,0
,,,,,,0
,,,,,,0
,,,,,,0
,,,,,,0
,,,,,,0
,,,,,,0
,,,,,,0
,,,,,,0
,,,,,,0
,,,,,,0
,,,,,,0
,,,,,,0
,,,,,,0
,,,,,,0
,,,,,,0
,,,,,,0
,,,,,,0
,,,,,,0
,,,,,,0
,,,,,,0
,,,,,,0
,,,,,,0
,,,,,,0
,,,,,,0
,,,,,,0
,,,,,,0
,,,,,,0
,,,,,,0
,,,,,,0
,,,,,,0
,,,,,,0
,,,,,,0
,,,,,,0
,,,,,,0
,,,,,,0
,,,,,,0
,,,,,,0
,,,,,,0
,,,,,,0
,,,,,,0
,,,,,,0
,,,,,,0
,,,,,,0
,,,,,,0
,,,,,,0
,,,,,,0
,,,,,,0
,,,,,,0
,,,,,,0
,,,,,,0
,,,,,,0
,,,,,,0
,,,,,,0
,,,,,,0
,,,,,,0
,,,,,,0
,,,,,,0
,,,,,,0
,,,,,,0
,,,,,,0
,,,,,,0
,,,,,,0
,,,,,,0
,,,,,,0
,,,,,,0
,,,,,,0
,,,,,,0
,,,,,,0
,,,,,,0
,,,,,,0
,,,,,,0
,,,,,,0
,,,,,,0
,,,,,,0
,,,,,,0
,,,,,,0
,,,,,,0
,,,,,,0
,,,,,,0
,,,,,,0
,,,,,,0
,,,,,,0
,,,,,,0
,,,,,,0
,,,,,,0
,,,,,,0
,,,,,,0
,,,,,,0
,,,,,,0
,,,,,,0
,,,,,,0
,,,,,,0
,,,,,,0
,,,,,,0
,,,,,,0
,,,,,,0
,,,,,,0
,,,,,,0
,,,,,,0
,,,,,,0
,,,,,,0
,,,,,,0
,,,,,,0
,,,,,,0
,,,,,,0
,,,,,,0
,,,,,,0
,,,,,,0
,,,,,,0
,,,,,,0
,,,,,,0
,,,,,,0
,,,,,,0
,,,,,,0
,,,,,,0
,,,,,,0
,,,,,,0
,,,,,,0
,,,,,,0
,,,,,,0
,,,,,,0
,,,,,,0
,,,,,,0
,,,,,,0
,,,,,,0
,,,,,,0
,,,,,,0
,,,,,,0
,,,,,,0
,,,,,,0
,,,,,,0
,,,,,,0
,,,,,,0
,,,,,,0
,,,,,,0
,,,,,,0
,,,,,,0
,,,,,,0
,,,,,,0
,,,,,,0
,,,,,,0
,,,,,,0
,,,,,,0
,,,,,,0
,,,,,,0
,,,,,,0
,,,,,,0
,,,,,,0
,,,,,,0
,,,,,,0
,,,,,,0
,,,,,,0
,,,,,,0
,,,,,,0
,,,,,,0
,,,,,,0
,,,,,,0
,,,,,,0
,,,,,,0
,,,,,,0
,,,,,,0
,,,,,,0
,,,,,,0
,,,,,,0
,,,,,,0
,,,,,,0
,,,,,,0
,,,,,,0
,,,,,,0
,,,,,,0
,,,,,,0
,,,,,,0
,,,,,,0
,,,,,,0
,,,,,,0
,,,,,,0
,,,,,,0
,,,,,,0
,,,,,,0
,,,,,,0
,,,,,,0
,,,,,,0
,,,,,,0
,,,,,,0
,,,,,,0
,,,,,,0
,,,,,,0
,,,,,,0
,,,,,,0
,,,,,,0
,,,,,,0
,,,,,,0
,,,,,,0
,,,,,,0
,,,,,,0
,,,,,,0
,,,,,,0
,,,,,,0
,,,,,,0
,,,,,,0
,,,,,,0
,,,,,,0
,,,,,,0
,,,,,,0
,,,,,,0
,,,,,,0
,,,,,,0
,,,,,,0
,,,,,,0
,,,,,,0
,,,,,,0
,,,,,,0
,,,,,,0
,,,,,,0
,,,,,,0
,,,,,,0
,,,,,,0
,,,,,,0
,,,,,,0
,,,,,,0
,,,,,,0
,,,,,,0
,,,,,,0
,,,,,,0
,,,,,,0
,,,,,,0
,,,,,,0
,,,,,,0
,,,,,,0
,,,,,,0
,,,,,,0
,,,,,,0
,,,,,,0
,,,,,,0
,,,,,,0
,,,,,,0
,,,,,,0
,,,,,,0
,,,,,,0
,,,,,,0
,,,,,,0
,,,,,,0
,,,,,,0
,,,,,,0
,,,,,,0
,,,,,,0
,,,,,,0
,,,,,,0
,,,,,,0
,,,,,,0
,,,,,,0
,,,,,,0
,,,,,,0
,,,,,,0
,,,,,,0
,,,,,,0
,,,,,,0
,,,,,,0
,,,,,,0
,,,,,,0
,,,,,,0
,,,,,,0
,,,,,,0
,,,,,,0
,,,,,,0
,,,,,,0
,,,,,,0
,,,,,,0
,,,,,,0
,,,,,,0
,,,,,,0
,,,,,,0
,,,,,,0
,,,,,,0
,,,,,,0
,,,,,,0
,,,,,,0
,,,,,,0
,,,,,,0
,,,,,,0
,,,,,,0
,,,,,,0
,,,,,,0
,,,,,,0
,,,,,,0
,,,,,,0
,,,,,,0
,,,,,,0
,,,,,,0
,,,,,,0
,,,,,,0
,,,,,,0
,,,,,,0
,,,,,,0
,,,,,,0
,,,,,,0
,,,,,,0
,,,,,,0
,,,,,,0
,,,,,,0
,,,,,,0
,,,,,,0
,,,,,,0
,,,,,,0
,,,,,,0
,,,,,,0
,,,,,,0
,,,,,,0
,,,,,,0
,,,,,,0
,,,,,,0
,,,,,,0
,,,,,,0
,,,,,,0
,,,,,,0
,,,,,,0
,,,,,,0
,,,,,,0
,,,,,,0
,,,,,,0
,,,,,,0
,,,,,,0
,,,,,,0
,,,,,,0
,,,,,,0
,,,,,,0
,,,,,,0
,,,,,,0
,,,,,,0
,,,,,,0
,,,,,,0
,,,,,,0
,,,,,,0
,,,,,,0
,,,,,,0
,,,,,,0
,,,,,,0
,,,,,,0
,,,,,,0
,,,,,,0
,,,,,,0
,,,,,,0
,,,,,,0
,,,,,,0
,,,,,,0
,,,,,,0
,,,,,,0
,,,,,,0
,,,,,,0
,,,,,,0
,,,,,,0
,,,,,,0
,,,,,,0
,,,,,,0
,,,,,,0
,,,,,,0
,,,,,,0
,,,,,,0
,,,,,,0
,,,,,,0
,,,,,,0
,,,,,,0
,,,,,,0
,,,,,,0
,,,,,,0
,,,,,,0
,,,,,,0
,,,,,,0
,,,,,,0
,,,,,,0
,,,,,,0
,,,,,,0
,,,,,,0
,,,,,,0
,,,,,,0
,,,,,,0
,,,,,,0
,,,,,,0
,,,,,,0
,,,,,,0
,,,,,,0
,,,,,,0
,,,,,,0
,,,,,,0
,,,,,,0
,,,,,,0
,,,,,,0
,,,,,,0
,,,,,,0
,,,,,,0
,,,,,,0
,,,,,,0
,,,,,,0
,,,,,,0
,,,,,,0
,,,,,,0
,,,,,,0
,,,,,,0
,,,,,,0
,,,,,,0
,,,,,,0
,,,,,,0
,,,,,,0
,,,,,,0
,,,,,,0
,,,,,,0
,,,,,,0
,,,,,,0
,,,,,,0
,,,,,,0
,,,,,,0
,,,,,,0
,,,,,,0
,,,,,,0
,,,,,,0
,,,,,,0
,,,,,,0
,,,,,,0
,,,,,,0
,,,,,,0
,,,,,,0
,,,,,,0
,,,,,,0
,,,,,,0
,,,,,,0
,,,,,,0
,,,,,,0
,,,,,,0
,,,,,,0
,,,,,,0
,,,,,,0
,,,,,,0
,,,,,,0
,,,,,,0
,,,,,,0
,,,,,,0
,,,,,,0
,,,,,,0
,,,,,,0
,,,,,,0
,,,,,,0
,,,,,,0
,,,,,,0
,,,,,,0
,,,,,,0
,,,,,,0
,,,,,,0
,,,,,,0
,,,,,,0
,,,,,,0
,,,,,,0
,,,,,,0
,,,,,,0
,,,,,,0
,,,,,,0
,,,,,,0
,,,,,,0
,,,,,,0
,,,,,,0
,,,,,,0
,,,,,,0
,,,,,,0
,,,,,,0
,,,,,,0
,,,,,,0
,,,,,,0
,,,,,,0
,,,,,,0
,,,,,,0
,,,,,,0
,,,,,,0
,,,,,,0
,,,,,,0
,,,,,,0
,,,,,,0
,,,,,,0
,,,,,,0
,,,,,,0
,,,,,,0
,,,,,,0
,,,,,,0
,,,,,,0
,,,,,,0
,,,,,,0
,,,,,,0
,,,,,,0
,,,,,,0
,,,,,,0
,,,,,,0
,,,,,,0
,,,,,,0
,,,,,,0
,,,,,,0
,,,,,,0
,,,,,,0
,,,,,,0
,,,,,,0
,,,,,,0
,,,,,,0
,,,,,,0
,,,,,,0
,,,,,,0
,,,,,,0
,,,,,,0
,,,,,,0
,,,,,,0
,,,,,,0
,,,,,,0
,,,,,,0
,,,,,,0
,,,,,,0
,,,,,,0
,,,,,,0
,,,,,,0
,,,,,,0
,,,,,,0
,,,,,,0
,,,,,,0
,,,,,,0
,,,,,,0
,,,,,,0
,,,,,,0
,,,,,,0
,,,,,,0
,,,,,,0
,,,,,,0
,,,,,,0
,,,,,,0
,,,,,,0
,,,,,,0
,,,,,,0
,,,,,,0
,,,,,,0
,,,,,,0
,,,,,,0
,,,,,,0
,,,,,,0
,,,,,,0
,,,,,,0
,,,,,,0
,,,,,,0
,,,,,,0
,,,,,,0
,,,,,,0
,,,,,,0
,,,,,,0
,,,,,,0
,,,,,,0
,,,,,,0
,,,,,,0
,,,,,,0
,,,,,,0
,,,,,,0
,,,,,,0
,,,,,,0
,,,,,,0
,,,,,,0
,,,,,,0
,,,,,,0
,,,,,,0
,,,,,,0
,,,,,,0
,,,,,,0
,,,,,,0
,,,,,,0
,,,,,,0
,,,,,,0
,,,,,,0
,,,,,,0
,,,,,,0
,,,,,,0
,,,,,,0
,,,,,,0
,,,,,,0
,,,,,,0
,,,,,,0
,,,,,,0
,,,,,,0
,,,,,,0
,,,,,,0
,,,,,,0
,,,,,,0
,,,,,,0
,,,,,,0
,,,,,,0
,,,,,,0
,,,,,,0
,,,,,,0
,,,,,,0
,,,,,,0
,,,,,,0
,,,,,,0
,,,,,,0
,,,,,,0
,,,,,,0
,,,,,,0
,,,,,,0
,,,,,,0
,,,,,,0
,,,,,,0
,,,,,,0
,,,,,,0
,,,,,,0
,,,,,,0
,,,,,,0
,,,,,,0
,,,,,,0
,,,,,,0
,,,,,,0
,,,,,,0
,,,,,,0
,,,,,,0
,,,,,,0
,,,,,,0
,,,,,,0
,,,,,,0
,,,,,,0
,,,,,,0
,,,,,,0
,,,,,,0
,,,,,,0
,,,,,,0
,,,,,,0
,,,,,,0
,,,,,,0
,,,,,,0
,,,,,,0
,,,,,,0
,,,,,,0
,,,,,,0
,,,,,,0
,,,,,,0
,,,,,,0
,,,,,,0
,,,,,,0
,,,,,,0
,,,,,,0
,,,,,,0
,,,,,,0
,,,,,,0
,,,,,,0
,,,,,,0
,,,,,,0
,,,,,,0
,,,,,,0
,,,,,,0
,,,,,,0
,,,,,,0
,,,,,,0
,,,,,,0
,,,,,,0
,,,,,,0
,,,,,,0
,,,,,,0
,,,,,,0
,,,,,,0
,,,,,,0
,,,,,,0
,,,,,,0
,,,,,,0
,,,,,,0
,,,,,,0
,,,,,,0
,,,,,,0
,,,,,,0
,,,,,,0
,,,,,,0
,,,,,,0
,,,,,,0
,,,,,,0
,,,,,,0
,,,,,,0
,,,,,,0
,,,,,,0
,,,,,,0
,,,,,,0
,,,,,,0
,,,,,,0
,,,,,,0
,,,,,,0
,,,,,,0
,,,,,,0
,,,,,,0
,,,,,,0
,,,,,,0
,,,,,,0
,,,,,,0
,,,,,,0
,,,,,,0
,,,,,,0
,,,,,,0
,,,,,,0
,,,,,,0
,,,,,,0
,,,,,,0
,,,,,,0
,,,,,,0
,,,,,,0
,,,,,,0
,,,,,,0
,,,,,,0
,,,,,,0
,,,,,,0
,,,,,,0
,,,,,,0
,,,,,,0
,,,,,,0
,,,,,,0
,,,,,,0
,,,,,,0
,,,,,,0
,,,,,,0
,,,,,,0
,,,,,,0
,,,,,,0
,,,,,,0
,,,,,,0
,,,,,,0
,,,,,,0
,,,,,,0
,,,,,,0
,,,,,,0
,,,,,,0
,,,,,,0
,,,,,,0
,,,,,,0
,,,,,,0
,,,,,,0
,,,,,,0
,,,,,,0
,,,,,,0
,,,,,,0
,,,,,,0
,,,,,,0
,,,,,,0
,,,,,,0
,,,,,,0
,,,,,,0
,,,,,,0
,,,,,,0
,,,,,,0
,,,,,,0
,,,,,,0
,,,,,,0
,,,,,,0
,,,,,,0
,,,,,,0
,,,,,,0
,,,,,,0
,,,,,,0
,,,,,,0
,,,,,,0
,,,,,,0
,,,,,,0
,,,,,,0
,,,,,,0
,,,,,,0
